City,State_Province,Country,Player_Count,Latitude,Longitude
Abbotsford,British Columbia,Canada,4,49.0504377,-122.3044697
Aberdeen,Scotland,Scotland,1,57.1498891,-2.0937528
Abington,Massachusetts,USA,1,42.1048228,-70.9453218
Airdrie,Alberta,Canada,2,51.29269679999999,-114.0134113
Albert Lea,Minnesota,USA,1,43.6478006,-93.3686555
Alexandria,Minnesota,USA,1,45.8848164,-95.3776663
Alexandria,Virginia,USA,2,38.804693,-77.0435257
Algonquin,Illinois,USA,2,42.1655801,-88.29424929999999
Allendale,Michigan,USA,1,42.97219339999999,-85.9540407
Almonte,Ontario,Canada,1,45.22556549999999,-76.19405979999999
Alpharetta,Georgia,USA,2,34.0746204,-84.29228619999999
Altoona,Wisconsin,USA,1,44.8046825,-91.44321479999999
Ames,Iowa,USA,1,42.0307812,-93.63191309999999
Amherst,Massachusetts,USA,1,42.3732216,-72.5198537
Amherst,New York,USA,1,42.9625285,-78.7467479
Anaheim,California,USA,1,33.8365932,-117.9143012
Ancaster,Ontario,Canada,1,43.2177791,-79.98728349999999
Anchorage,Alaska,USA,10,61.2175758,-149.8996785
Andover,Massachusetts,USA,3,42.6627301,-71.1446897
Andover,Minnesota,USA,8,45.2332984,-93.29134049999999
Andover,New Hampshire,USA,1,43.43701979999999,-71.8234138
Angelholm,Sweden,Sweden,1,56.245748,12.863881
Anmore,British Columbia,Canada,1,49.3145411,-122.8556688
Apple Valley,Minnesota,USA,5,44.7319094,-93.21772000000001
Appleton,Wisconsin,USA,1,44.2622712,-88.40710469999999
Arlington,Massachusetts,USA,4,42.4153925,-71.1564729
Armonk,New York,USA,1,41.1264849,-73.71401949999999
Arnprior,Ontario,Canada,1,45.4347445,-76.3518469
Ashburn,Virginia,USA,1,39.0437567,-77.4874416
Ashburnham,Massachusetts,USA,1,42.635545,-71.90973939999999
Atlanta,Georgia,USA,1,33.7501275,-84.3885209
Atlantic Highlands,New Jersey,USA,1,40.4093672,-74.0400231
Atlantic Mine,Michigan,USA,1,47.0971497,-88.62762459999999
Auburn,New Hampshire,USA,1,43.0045288,-71.348398
Auburn,Washington,USA,1,47.30732279999999,-122.2284532
Augsburg,Germany,Germany,1,48.3705449,10.89779
Aurora,Illinois,USA,1,41.7605849,-88.32007150000001
Aurora,Ontario,Canada,3,44.00648,-79.450396
Avon,Connecticut,USA,1,41.8096201,-72.8305154
Avon,New Jersey,USA,1,40.1926842,-74.0215746
Baldwin Park,California,USA,1,34.0852868,-117.9608978
Balgonie,Saskatchewan,Canada,1,50.4921223,-104.2687767
Banska Stiavnica,Slovakia,Slovakia,1,48.44920159999999,18.9070093
Bardejov,Slovakia,Slovakia,1,49.2945857,21.2754012
Barrhead,Alberta,Canada,1,54.1229824,-114.4017497
Barrie,Ontario,Canada,2,44.38935559999999,-79.6903316
Basking Ridge,New Jersey,USA,2,40.7066174,-74.5493284
Batavia,Illinois,USA,1,41.8500284,-88.3125738
Battle Creek,Michigan,USA,1,42.3211522,-85.17971419999999
Bayville,New York,USA,1,40.9106541,-73.56206890000001
Beach Park,Illinois,USA,1,42.4222435,-87.85729549999999
Beaconsfield,Quebec,Canada,3,45.4309308,-73.86828349999999
Beaumont,Alberta,Canada,2,53.3521108,-113.415127
Bedford,New Hampshire,USA,1,42.9463291,-71.51320079999999
Bedford,New York,USA,1,41.204262,-73.6437397
Belleville,Illinois,USA,1,38.5200504,-89.9839935
Belleville,Ontario,Canada,2,44.1627589,-77.3832315
Bellevue,Washington,USA,1,47.6101497,-122.2015159
Bellinzona,Switzerland,Switzerland,1,46.1946216,9.0244124
Bellows Falls,Vermont,USA,1,43.133411,-72.44397719999999
Belmont,Massachusetts,USA,1,42.3956405,-71.1776114
Berwyn,Pennsylvania,USA,1,40.045824,-75.4395931
Bethesda,Maryland,USA,3,38.984652,-77.0947092
Beverly,Massachusetts,USA,1,42.5584283,-70.880049
Biddeford,Maine,USA,2,43.4925843,-70.45338439999999
Binbrook,Ontario,Canada,1,43.1208545,-79.8045509
Birmingham,Michigan,USA,1,42.5467012,-83.21131919999999
Bismarck,North Dakota,USA,1,46.8041643,-100.7877616
Blackfalds,Alberta,Canada,2,52.381198,-113.7953731
Blackwood,New Jersey,USA,1,39.8023363,-75.0640602
Blaine,Minnesota,USA,4,45.1607987,-93.23494889999999
Blauvelt,New York,USA,1,41.0634299,-73.95763780000001
Bloomfield,Michigan,USA,1,42.5813327,-83.28117689999999
Bloomfield Hills,Michigan,USA,1,42.583645,-83.24548829999999
Bloomington,Minnesota,USA,2,44.840798,-93.2982799
Boca Raton,Florida,USA,3,26.3683064,-80.1289321
Boisbriand,Quebec,Canada,1,45.6130933,-73.8387661
Bonnyville,Alberta,Canada,2,54.2679661,-110.7397826
Boston,Massachusetts,USA,4,42.3555076,-71.0565364
Boulder,Colorado,USA,1,40.0189728,-105.2747406
Bovey,Minnesota,USA,1,47.2955444,-93.4159162
Bow,New Hampshire,USA,1,43.1320263,-71.54923769999999
Bowie,Maryland,USA,1,39.0067768,-76.77913649999999
Braeside,Ontario,Canada,1,45.4658182,-76.4069648
Brainerd,Minnesota,USA,2,46.3526733,-94.2020084
Braintree,Massachusetts,USA,2,42.2079017,-71.0040013
Brampton,Ontario,Canada,1,43.7315479,-79.7624177
Brandon,Manitoba,Canada,1,49.8437486,-99.95148069999999
Brantford,Ontario,Canada,1,43.1394191,-80.263623
Brasher Falls,New York,USA,3,44.807648,-74.7743057
Bratislava,Slovakia,Slovakia,3,48.1485965,17.1077477
Brentwood,New Hampshire,USA,1,42.9780248,-71.0735503
Brentwood,Tennessee,USA,1,36.0331164,-86.78277720000001
Bridgewater,Massachusetts,USA,2,41.99024199999999,-70.9754708
Bridgewater,New Jersey,USA,1,40.5929855,-74.6263783
Brighton,Massachusetts,USA,1,42.3489143,-71.1604919
Brighton,Michigan,USA,1,42.5294773,-83.7802214
Bristol,Connecticut,USA,1,41.67176480000001,-72.9492703
Brockville,Ontario,Canada,2,44.5895244,-75.68428580000001
Bromma,Sweden,Sweden,2,59.3397832,17.9397131
Bronx,New York,USA,1,40.8447819,-73.8648268
Brooklin,Ontario,Canada,1,43.9631607,-78.9571069
Brookline,Massachusetts,USA,1,42.33176419999999,-71.1211635
Brooklyn,New York,USA,2,40.6781784,-73.9441579
Brunico,Italy,Italy,1,46.7965374,11.9381326
Brunswick,Maine,USA,1,43.91461400000001,-69.96490539999999
Budapest,Hungary,Hungary,2,47.497912,19.040235
Buffalo,New York,USA,5,42.88690039999999,-78.8788896
Buffalo Grove,Illinois,USA,1,42.1662831,-87.9631308
Burlington,Massachusetts,USA,1,42.5047161,-71.1956205
Burlington,Ontario,Canada,3,43.3255196,-79.7990319
Burlington,Vermont,USA,1,44.4758825,-73.21207199999999
Burnaby,British Columbia,Canada,4,49.2488091,-122.9805104
Burnsville,Minnesota,USA,4,44.7677424,-93.27772259999999
Byron,Minnesota,USA,1,44.0327417,-92.6454624
Calabasas,California,USA,3,34.1539731,-118.6473801
Caledonia,Ontario,Canada,2,43.063926,-79.9520363
Calgary,Alberta,Canada,47,51.04473309999999,-114.0718831
Calumet,Michigan,USA,1,47.2500752,-88.4538271
Cambridge,Ontario,Canada,2,43.3616211,-80.3144276
Campbellville,Ontario,Canada,1,43.4881366,-79.9838061
Camrose,Alberta,Canada,1,53.0173444,-112.8251176
Canmore,Alberta,Canada,1,51.08836660000001,-115.3479101
Canonsburg,Pennsylvania,USA,1,40.2625702,-80.18727969999999
Canton,Michigan,USA,5,42.307458,-83.4871494
Canton,New York,USA,1,44.5956163,-75.1690942
Carbondale,Colorado,USA,1,39.4022054,-107.2111628
Carmel,Indiana,USA,1,39.978371,-86.1180435
Carp,Ontario,Canada,1,45.3490658,-76.0413221
Carpentersville,Illinois,USA,1,42.1211364,-88.2578582
Carver,Minnesota,USA,1,44.76339429999999,-93.6254404
Castle Pines,Colorado,USA,1,39.4716139,-104.8947682
Cedarburg,Wisconsin,USA,1,43.2966716,-87.9875898
Centennial,Colorado,USA,1,39.5807452,-104.8771726
Center Moriches,New York,USA,1,40.8003767,-72.7898233
Centerville,Massachusetts,USA,1,41.6570445,-70.3500545
Centre Hastings,Ontario,Canada,1,44.5052621,-77.47266859999999
Champlin,Minnesota,USA,1,45.1888539,-93.39745370000001
Chandler,Arizona,USA,1,33.3061605,-111.8412502
Chanhassen,Minnesota,USA,1,44.86196450000001,-93.53231029999999
Channahon,Illinois,USA,1,41.4294753,-88.2286735
Charleston,South Carolina,USA,1,32.7833163,-79.9319664
Chaska,Minnesota,USA,9,44.7893446,-93.60183889999999
Chatham,Ontario,Canada,1,42.4048018,-82.1910376
Cheektowaga,New York,USA,2,42.9071477,-78.7542892
Chelmsford,Massachusetts,USA,1,42.59692769999999,-71.3514509
Chelsea,Quebec,Canada,1,45.50376379999999,-75.7952731
Chesterfield,Missouri,USA,4,38.6631083,-90.5770675
Cheyenne,Wyoming,USA,1,41.1347435,-104.8211901
Chicago,Illinois,USA,10,41.8781136,-87.6297982
Châteauguay,Quebec,Canada,1,45.36015889999999,-73.74940330000001
Claremont,California,USA,1,34.0966764,-117.7197785
Clarence Center,New York,USA,3,43.0106139,-78.6375283
Clarkston,Michigan,USA,2,42.7351196,-83.4192941
Cleveland,Ohio,USA,1,41.49932,-81.6943605
Clifton,New Jersey,USA,1,40.8654493,-74.1610268
Cloverdale,British Columbia,Canada,1,49.1115339,-122.7349425
Cochrane,Alberta,Canada,3,51.1917439,-114.4667528
Cohasset,Minnesota,USA,1,47.2640071,-93.6221657
Cold Spring,Minnesota,USA,1,45.4536111,-94.4277778
Cole Harbour,Nova Scotia,Canada,1,44.6726512,-63.47825030000001
Collegeville,Pennsylvania,USA,2,40.1856597,-75.451571
Collinsville,Illinois,USA,1,38.6703266,-89.9845476
Colorado Springs,Colorado,USA,5,38.8353142,-104.8216009
Colts Neck,New Jersey,USA,1,40.2874495,-74.1731765
Columbus,Ohio,USA,6,39.9625112,-83.0032218
Commerce Township,Michigan,USA,1,42.5695563,-83.4794976
Compton,California,USA,1,33.8959097,-118.2243901
Concord,Massachusetts,USA,1,42.4603719,-71.3489484
Copiague Harbor,New York,USA,1,40.6622222,-73.3863889
Coquitlam,British Columbia,Canada,2,49.2837626,-122.7932065
Cornwall,Ontario,Canada,1,45.0212762,-74.730345
Corona,California,USA,1,33.8787742,-117.5760323
Cottage Grove,Minnesota,USA,2,44.8277446,-92.9438218
Courtenay,British Columbia,Canada,1,49.6841391,-124.9904493
Courtice,Ontario,Canada,1,43.9109352,-78.7884468
Coventry,Rhode Island,USA,1,41.6885978,-71.5642076
Crystal,Minnesota,USA,1,45.0327425,-93.3602286
Crystal Lake,Illinois,USA,2,42.2411344,-88.31619649999999
Culver,Indiana,USA,1,41.22242,-86.41300299999999
Cumberland,Maine,USA,1,43.7964669,-70.2584731
Cumming,Georgia,USA,2,34.2073196,-84.14019259999999
Cypress,California,USA,1,33.8169366,-118.0368507
Dakota Dunes,South Dakota,USA,1,42.4874948,-96.48642
Dallas,Texas,USA,7,32.7766642,-96.79698789999999
Dayton,Minnesota,USA,1,45.243854,-93.5149576
Dayton,Ohio,USA,1,39.7592225,-84.1936144
DeWitt,New York,USA,1,43.0426887,-76.0677796
Dearborn,Michigan,USA,1,42.3222599,-83.17631449999999
Dearborn Heights,Michigan,USA,1,42.3369816,-83.27326269999999
Decker,Manitoba,Canada,1,50.269913,-100.782076
Dedham,Massachusetts,USA,2,42.2436085,-71.1676536
Deerfield,Massachusetts,USA,1,42.5445588,-72.6056435
Deloraine,Manitoba,Canada,1,49.1928819,-100.493984
Delray Beach,Florida,USA,1,26.4638471,-80.0738334
Delta,British Columbia,Canada,1,49.09521549999999,-123.0264759
Denver,Colorado,USA,2,39.7392358,-104.990251
Des Moines,Iowa,USA,1,41.5896139,-93.61639629999999
Detroit,Michigan,USA,6,42.32971819999999,-83.0424533
Detroit Lakes,Minnesota,USA,1,46.8171808,-95.8453253
Detva,Slovakia,Slovakia,1,48.5587115,19.4183349
Didsbury,Alberta,Canada,1,51.6568097,-114.1367837
Dorchester,Massachusetts,USA,1,42.29948479999999,-71.06485289999999
Dover,Massachusetts,USA,1,42.2458135,-71.27956379999999
Doylestown,Pennsylvania,USA,1,40.3101063,-75.1298939
Drummondville,Quebec,Canada,1,45.8811739,-72.4847355
Dubuque,Iowa,USA,2,42.5063629,-90.6677479
Duluth,Georgia,USA,1,34.0028786,-84.1446376
Duluth,Minnesota,USA,5,46.7844571,-92.1055411
Duncan,British Columbia,Canada,3,48.7786908,-123.7079416
Dunnville,Ontario,Canada,1,42.9035374,-79.6170044
Düsseldorf,Germany,Germany,1,51.2230411,6.7824545
Eagan,Minnesota,USA,2,44.8041322,-93.1668858
Eagle,Idaho,USA,1,43.6954424,-116.3540138
Eagle Lake,Ontario,Canada,1,49.72111719999999,-93.1058528
Eagle River,Alaska,USA,4,61.3293186,-149.5680499
East Amherst,New York,USA,2,43.0183126,-78.69698310000001
East Aurora,New York,USA,2,42.7678376,-78.6133589
East Falmouth,Massachusetts,USA,1,41.5784425,-70.55864009999999
East Grand Forks,Minnesota,USA,1,47.9311871,-97.00934699999999
East Greenbush,New York,USA,1,42.5909135,-73.7017858
East Greenwich,Rhode Island,USA,2,41.6342619,-71.51304449999999
East Hanover,New Jersey,USA,1,40.8033867,-74.3639719
East Northport,New York,USA,1,40.8767647,-73.3245613
East Wenatchee,Washington,USA,1,47.41568239999999,-120.2931263
Easthampton Township,New Jersey,USA,1,39.93102349999999,-74.7425375
Eau Claire,Wisconsin,USA,4,44.811349,-91.4984941
Edberg,Alberta,Canada,1,52.7862008,-112.7858605
Eden Prairie,Minnesota,USA,4,44.8546856,-93.47078599999999
Edgewater,New Jersey,USA,1,40.82899870000001,-73.97221139999999
Edina,Minnesota,USA,11,44.8896866,-93.3499489
Edmonds,Washington,USA,1,47.8111602,-122.3769102
Edmonton,Alberta,Canada,13,53.5460983,-113.4937266
Ekerö,Sweden,Sweden,1,59.2798338,17.7902246
El Cerrito,California,USA,1,37.9161326,-122.310765
Elk River,Minnesota,USA,3,45.303218,-93.5547381
Elkhorn,Nebraska,USA,1,41.2831958,-96.2368465
Elko,Minnesota,USA,2,44.5610022,-93.31622949999999
Elmhurst,Illinois,USA,1,41.903451,-87.9397972
Elmira,Ontario,Canada,1,43.60040739999999,-80.5629846
Elora,Ontario,Canada,1,43.683715,-80.43054269999999
Ely,Minnesota,USA,1,47.9032372,-91.8670873
Enebyberg,Sweden,Sweden,1,59.43333000000001,18.05
Enfield,Nova Scotia,Canada,1,44.9246382,-63.53804280000001
Ennismore,Ontario,Canada,1,44.409828,-78.431888
Espoo,Finland,Finland,9,60.2054911,24.6559001
Etobicoke,Ontario,Canada,1,43.6204946,-79.5131983
Eveleth,Minnesota,USA,1,47.46242789999999,-92.5399063
Everett,Washington,USA,1,47.9782457,-122.207417
Evergreen,Colorado,USA,2,39.6333213,-105.3172146
Excelsior,Minnesota,USA,1,44.9032963,-93.5663455
Fairbanks,Alaska,USA,3,64.8400511,-147.7199756
Fairfield,Connecticut,USA,3,41.1408363,-73.2612615
Fairview,Texas,USA,1,33.1578952,-96.6316593
Fallston,Maryland,USA,1,39.5145515,-76.41107319999999
Falun,Sweden,Sweden,1,60.60646000000001,15.6355
Fargo,North Dakota,USA,3,46.8771863,-96.7898034
Farmington,Connecticut,USA,1,41.7360305,-72.79502699999999
Farmington,Michigan,USA,1,42.4644795,-83.37632180000001
Farmington,Minnesota,USA,2,44.6402434,-93.1435497
Farmington Hills,Michigan,USA,1,42.4989936,-83.3677168
Fenton,Michigan,USA,1,42.7978061,-83.7049498
Fenwick,Ontario,Canada,1,43.0240705,-79.3622975
Fishers,Indiana,USA,1,39.9568857,-86.0171742
Flower Mound,Texas,USA,2,33.0145673,-97.0969552
Flushing,Michigan,USA,1,43.0630833,-83.8510732
Forest Lake,Minnesota,USA,1,45.2788561,-92.9852183
Fort Collins,Colorado,USA,1,40.5852602,-105.084423
Fort Erie,Ontario,Canada,1,42.9017764,-78.9721745
Fort Gratiot,Michigan,USA,1,43.0389333,-82.476505
Fort Myers,Florida,USA,1,26.6409247,-81.8605575
Fort St. John,British Columbia,Canada,1,56.252423,-120.846409
Fort Worth,Texas,USA,2,32.7554883,-97.3307658
Franklin,Massachusetts,USA,1,42.0834313,-71.396725
Franklin,Michigan,USA,1,42.5222567,-83.30604319999999
Fredericton,New Brunswick,Canada,1,45.9635895,-66.6431151
Fredrikstad,Norway,Norway,3,59.22053689999999,10.9347012
Frisco,Texas,USA,1,33.1496718,-96.835567
Furuberget,Norway,Norway,1,60.80977499999999,11.026457
Garden Grove,California,USA,1,33.7742692,-117.9379952
Germantown,Wisconsin,USA,1,43.2286174,-88.1103691
Getzville,New York,USA,1,43.0159197,-78.7680702
Gibsonia,Pennsylvania,USA,2,40.6300567,-79.9703318
Gilbert Plains,Manitoba,Canada,1,51.1483763,-100.4891591
Gilford,New Hampshire,USA,1,43.5774841,-71.40062610000001
Gill,Massachusetts,USA,1,42.6408105,-72.4996367
Gislaved,Sweden,Sweden,1,57.2985,13.54326
Gladstone,Manitoba,Canada,1,50.224998,-98.95076499999999
Glen Mills,Pennsylvania,USA,1,39.9016273,-75.5103484
Glencoe,Illinois,USA,2,42.1350268,-87.75811879999999
Glenview,Illinois,USA,3,42.0778065,-87.8223368
Goffstown,New Hampshire,USA,1,43.0204052,-71.6002223
Golden Valley,Minnesota,USA,1,44.9917149,-93.3600034
Gothenburg,Sweden,Sweden,2,57.70887,11.97456
Granby,Quebec,Canada,2,45.40322889999999,-72.7340662
Grand Bay-Westfield,New Brunswick,Canada,1,45.3618365,-66.24165409999999
Grand Forks,North Dakota,USA,10,47.9252568,-97.0328547
Grand Haven,Michigan,USA,1,43.0630734,-86.22838639999999
Grand Rapids,Michigan,USA,4,42.9704146,-85.6721946
Grand Rapids,Minnesota,USA,5,47.2369615,-93.52832749999999
Grande Prairie,Alberta,Canada,1,55.170691,-118.7884808
Granite Springs,New York,USA,2,41.3103717,-73.75735499999999
Grant,Minnesota,USA,1,45.084411,-92.91049079999999
Great Falls,Montana,USA,1,47.5052849,-111.3007715
Greely,Ontario,Canada,1,45.2593249,-75.56872609999999
Green Bay,Wisconsin,USA,3,44.5133188,-88.0132958
Greenwich,Connecticut,USA,6,41.0262417,-73.6281964
Greifensee Zurich,Switzerland,Switzerland,1,47.3477555,8.6793461
Grinnell,Iowa,USA,1,41.74340919999999,-92.7232456
Grosse Ile,Michigan,USA,2,42.1303431,-83.1488389
Grosse Pointe,Michigan,USA,2,42.3861485,-82.9118591
Guilford,Connecticut,USA,1,41.287943,-72.6839226
Gyõr,Hungary,Hungary,1,47.6874569,17.6503974
Gävle,Sweden,Sweden,1,60.6748796,17.1412726
Göteborg,Sweden,Sweden,3,57.70887,11.97456
Halifax,Nova Scotia,Canada,3,44.6508608,-63.5923256
Hallock,Minnesota,USA,2,48.77442629999999,-96.94644699999999
Hallsberg,Sweden,Sweden,1,59.0665316,15.10229
Ham Lake,Minnesota,USA,2,45.2502429,-93.2499507
Hamar,Norway,Norway,1,60.7945331,11.0679977
Hamburg,New York,USA,1,42.7158927,-78.8294768
Hamilton,New Jersey,USA,1,40.230906,-74.72270929999999
Hamilton,Ontario,Canada,3,43.2557206,-79.8711024
Hampstead,New Hampshire,USA,1,42.8745305,-71.1810759
Hancock,Michigan,USA,1,47.1268714,-88.5809563
Hanover,Massachusetts,USA,1,42.1162217,-70.8476708
Hanover,Minnesota,USA,1,45.155797,-93.6663523
Harrison Township,Michigan,USA,2,42.590583,-82.8269526
Hatfield,Pennsylvania,USA,1,40.27982739999999,-75.2993417
Hauppauge,New York,USA,3,40.8256536,-73.2026138
Heidelberg,Ontario,Canada,1,43.5204612,-80.61932379999999
Helsinki,Finland,Finland,5,60.16985569999999,24.938379
Hermantown,Minnesota,USA,6,46.8068852,-92.2382464
Hermitage,Tennessee,USA,1,36.1988486,-86.6197777
Hermosa Beach,California,USA,1,33.8622366,-118.3995194
Heron Lake,Minnesota,USA,1,43.7944036,-95.32249859999999
Hicksville,New York,USA,1,40.7730789,-73.52789969999999
High River,Alberta,Canada,1,50.5767481,-113.8715613
Highland Park,Illinois,USA,2,42.1816918,-87.8003437
Hingham,Massachusetts,USA,5,42.2418426,-70.8897712
Hinsdale,Illinois,USA,3,41.8008642,-87.9370052
Holden,Massachusetts,USA,1,42.3517585,-71.8634062
Holland,Michigan,USA,1,42.7893867,-86.1089511
Holmdel,New Jersey,USA,1,40.3848944,-74.18900599999999
Hooksett,New Hampshire,USA,1,43.0463073,-71.4365043
Hopkinton,Massachusetts,USA,1,42.2284282,-71.52207589999999
Hortonville,Wisconsin,USA,2,44.334705,-88.63816150000001
Howell,Michigan,USA,4,42.6072552,-83.9293952
Howell,New Jersey,USA,1,40.1400291,-74.2251347
Hudson,Massachusetts,USA,2,42.3913641,-71.5697117
Hudson,Wisconsin,USA,2,44.9746896,-92.7568703
Hudson's Hope,British Columbia,Canada,1,56.0357172,-121.9038286
Hugo,Minnesota,USA,2,45.159964,-92.99334119999999
Hull,Massachusetts,USA,1,42.3020647,-70.9078346
Humboldt,Saskatchewan,Canada,2,52.2019792,-105.1228655
Humenne,Slovakia,Slovakia,1,48.932454,21.9078917
Huntington,New York,USA,1,40.8681539,-73.425676
Huntington,Vermont,USA,1,44.3250315,-72.9868813
Huntington Beach,California,USA,2,33.6594835,-117.9988026
Hässelby,Sweden,Sweden,1,56.686122,16.548436
Höganäs,Sweden,Sweden,1,56.2006388,12.5553288
Ilava,Slovakia,Slovakia,1,48.9962271,18.2332775
Inver Grove Heights,Minnesota,USA,1,44.8480218,-93.04271530000001
Irvine,California,USA,1,33.6845673,-117.8265049
Irvington,New York,USA,1,41.0391,-73.86699999999999
Isanti,Minnesota,USA,1,45.4894008,-93.24760909999999
Itasca,Illinois,USA,1,41.9750287,-88.0072909
Jackson,Michigan,USA,1,42.245869,-84.40134619999999
Jacksonville,Florida,USA,1,30.3297566,-81.6591529
Jamestown,North Dakota,USA,1,46.9105438,-98.7084357
Jelgava,Latvia,Latvia,1,56.6511478,23.7196411
Jenison,Michigan,USA,1,42.907248,-85.79197839999999
Jericho,New York,USA,1,40.79204410000001,-73.5398476
Jesenice,Slovenia,Slovenia,1,46.4602537,13.9172237
Johnstown,Pennsylvania,USA,1,40.32674069999999,-78.9219698
Jonkoping,Sweden,Sweden,1,57.78261370000001,14.1617876
Jyväskylä,Finland,Finland,1,62.2426034,25.7472567
Kaarina,Finland,Finland,1,60.4095081,22.3844244
Kalamazoo,Michigan,USA,1,42.2896532,-85.5856279
Kalmar,Sweden,Sweden,1,56.6634447,16.356779
Kamloops,British Columbia,Canada,4,50.674522,-120.3272674
Kanata,Ontario,Canada,1,45.3088185,-75.89868349999999
Karlstad,Sweden,Sweden,2,59.4021806,13.5114977
Kauniainen,Finland,Finland,1,60.21244790000001,24.7283695
Kazan,Russia,Russia,1,55.7878944,49.12332929999999
Kelowna,British Columbia,Canada,1,49.8863235,-119.4965917
Kensington,Connecticut,USA,1,41.6353769,-72.7687083
Kensington,Maryland,USA,2,39.0256651,-77.0763669
Kentville,Nova Scotia,Canada,1,45.0771182,-64.49428259999999
Kerrobert,Saskatchewan,Canada,1,51.9185447,-109.136794
Kharkov,Ukraine,Ukraine,1,50.00201269999999,36.3073994
Kimberley,British Columbia,Canada,1,49.6651567,-115.9967206
King City,Ontario,Canada,2,43.9286902,-79.5281431
Kings Park,New York,USA,1,40.88620900000001,-73.2573369
Kingston,Ontario,Canada,2,44.2334401,-76.49302949999999
Kirkland,Quebec,Canada,4,45.4560415,-73.8623337
Kitchener,Ontario,Canada,1,43.4516395,-80.4925337
Kleinburg,Ontario,Canada,2,43.8385021,-79.62354069999999
Knivsta,Sweden,Sweden,1,59.7261195,17.7920364
Kohler,Wisconsin,USA,1,43.7391616,-87.7817541
Kosice,Slovakia,Slovakia,1,48.7163857,21.2610746
Kuopio,Finland,Finland,1,62.8965859,27.6785574
Kyiv,Ukraine,Ukraine,1,50.4503596,30.5245025
L'Île-Bizard,Quebec,Canada,3,45.4948893,-73.89075559999999
La Grange,Illinois,USA,1,41.8050314,-87.8692254
Lake Bluff,Illinois,USA,1,42.2791365,-87.8443151
Lake Elmo,Minnesota,USA,2,44.9957998,-92.8793768
Lake Forest,Illinois,USA,4,42.2586342,-87.840625
Lake View,New York,USA,1,42.71117,-78.9361468
Lakeville,Massachusetts,USA,1,41.8459169,-70.9495226
Lakeville,Minnesota,USA,6,44.6496868,-93.24271999999999
Lakewood,Illinois,USA,1,42.22244389999999,-88.37801619999999
Lancaster,Massachusetts,USA,1,42.4534026,-71.67345379999999
Lancaster,New York,USA,1,42.9006144,-78.6703062
Landmark,Manitoba,Canada,1,49.67167389999999,-96.82166699999999
Landskrona,Sweden,Sweden,1,55.8703477,12.8300802
Langley,British Columbia,Canada,4,49.1041779,-122.6603519
Lansing,New York,USA,1,42.4842392,-76.4799397
Lattingtown,New York,USA,1,40.8953767,-73.6009595
LeRoy,Saskatchewan,Canada,1,52.00021169999999,-104.7385969
Leamington,Ontario,Canada,2,42.0531011,-82.59977580000002
Lemont,Illinois,USA,1,41.673642,-88.0017261
Lethbridge,Alberta,Canada,4,49.6956181,-112.8451067
Lexington,Massachusetts,USA,1,42.4473497,-71.2271531
Libertyville,Illinois,USA,1,42.2830786,-87.9531303
Liepaja,Latvia,Latvia,1,56.5384577,21.0538204
Lincolnshire,Illinois,USA,1,42.1976016,-87.9317683
Linden,Michigan,USA,1,42.8144731,-83.7824526
Linkoping,Sweden,Sweden,1,58.41080700000001,15.6213727
Linköping,Sweden,Sweden,1,58.41080700000001,15.6213727
Littleton,Colorado,USA,2,39.613321,-105.0166498
Litvinov,Czech Republic,Czech Republic,1,50.5984262,13.610242
Livingston,New Jersey,USA,1,40.782424,-74.315139
Livonia,Michigan,USA,6,42.36837,-83.35270969999999
Ljunljana,Slovenia,Slovenia,1,46.0569465,14.5057515
Lockport,New York,USA,2,43.1706128,-78.6903098
Lomita,California,USA,1,33.7922392,-118.3150722
London,Ontario,Canada,3,42.9849233,-81.2452768
Long Beach,California,USA,1,33.7700504,-118.1937395
Long Grove,Illinois,USA,1,42.1783584,-87.99785179999999
Long Valley,New Jersey,USA,1,40.78593310000001,-74.7801645
Longlac,Ontario,Canada,1,49.78166599999999,-86.534706
Longueuil,Quebec,Canada,1,45.5135059,-73.4329187
Los Angeles,California,USA,4,34.0549076,-118.242643
Lugano,Switzerland,Switzerland,1,46.0036778,8.951051999999999
Lunenburg,Massachusetts,USA,1,42.5971299,-71.7416301
Lynn,Massachusetts,USA,1,42.4697809,-70.95690239999999
Lynnfield,Massachusetts,USA,1,42.5390412,-71.04776009999999
Macomb,Michigan,USA,2,42.7009627,-82.9588953
Madison,Connecticut,USA,1,41.2792847,-72.59843819999999
Madison,New Jersey,USA,2,40.759562,-74.4163578
Madison,Wisconsin,USA,3,43.0721661,-89.4007501
Madison Heights,Michigan,USA,1,42.4858692,-83.1052028
Magadan,Russia,Russia,1,59.55943970000001,150.8127537
Mahopac,New York,USA,2,41.372316,-73.733465
Mahtomedi,Minnesota,USA,3,45.0696886,-92.95160369999999
Mahwah,New Jersey,USA,1,41.0792097,-74.1841702
Malone,New York,USA,1,44.8486596,-74.29489830000001
Manassas,Virginia,USA,1,38.7512726,-77.4706769
Manchester,New Hampshire,USA,1,42.9956397,-71.4547891
Manhattan,New York,USA,2,40.7685167,-73.98219379999999
Manhattan Beach,California,USA,6,33.8881489,-118.4092903
Mankato,Minnesota,USA,1,44.1661456,-94.0055647
Mannheim,Germany,Germany,1,49.4873329,8.4646441
Mansfield,Massachusetts,USA,2,42.03345650000001,-71.2190578
Maple Grove,Minnesota,USA,10,45.0724642,-93.4557877
Maplewood,Minnesota,USA,1,44.9530215,-92.9952153
Marblehead,Massachusetts,USA,1,42.49995819999999,-70.8578024
Marcellus,New York,USA,2,42.9828438,-76.3404867
Marine City,Michigan,USA,2,42.7194778,-82.492132
Markham,Ontario,Canada,4,43.8599076,-79.3349945
Marlton,New Jersey,USA,2,39.8912248,-74.9218324
Marquette,Michigan,USA,1,46.5436199,-87.3953713
Mars,Pennsylvania,USA,2,40.6958996,-80.0117254
Marshfield,Massachusetts,USA,1,42.0919178,-70.7102896
Martensville,Saskatchewan,Canada,1,52.29312119999999,-106.6578378
Martin,Slovakia,Slovakia,1,49.0616613,18.9190235
Marysville,Michigan,USA,3,42.9125305,-82.4868599
Maskinongé,Quebec,Canada,1,46.2281262,-73.0165298
Maynard,Massachusetts,USA,1,42.4334903,-71.4495058
McFarland,Wisconsin,USA,1,43.0124984,-89.2898397
McKees Rocks,Pennsylvania,USA,1,40.4656244,-80.0656106
Mechanicsburg,Pennsylvania,USA,1,40.2132692,-77.0080309
Medicine Hat,Alberta,Canada,3,50.0290218,-110.7031976
Melbourne,Florida,USA,1,28.0794398,-80.6078048
Memphis,Tennessee,USA,1,35.1485812,-90.0518955
Mendham,New Jersey,USA,1,40.7875113,-74.5636682
Mendota Heights,Minnesota,USA,5,44.8835768,-93.1382749
Menomonie,Wisconsin,USA,1,44.8755183,-91.9193422
Mesa,Arizona,USA,1,33.4151843,-111.8314724
Metcalfe,Ontario,Canada,1,45.2340408,-75.4718279
Methuen,Massachusetts,USA,1,42.7262016,-71.1908924
Middlebury,Vermont,USA,1,44.0151433,-73.16695539999999
Middleton,Massachusetts,USA,3,42.59509389999999,-71.0161643
Middleton,Wisconsin,USA,1,43.09721740000001,-89.5042876
Middletown,New Jersey,USA,4,40.3937384,-74.1022772
Midhurst,Ontario,Canada,1,44.4471375,-79.7302158
Midland,Michigan,USA,1,43.6155825,-84.2472116
Midlothian,Virginia,USA,1,37.5061069,-77.6490005
Milestone,Saskatchewan,Canada,1,49.99152609999999,-104.5157548
Mill Bay,British Columbia,Canada,2,48.6505297,-123.5571899
Milton,Georgia,USA,1,34.0891899,-84.3428857
Milton,Massachusetts,USA,3,42.2495321,-71.0661653
Milwaukee,Wisconsin,USA,3,43.0410344,-87.9096783
Mindoro,Wisconsin,USA,1,44.0210739,-91.10180629999999
Minneapolis,Minnesota,USA,6,44.977753,-93.2650108
Minnetonka,Minnesota,USA,6,44.937858,-93.4669177
Minnetrista,Minnesota,USA,2,44.938296,-93.7177406
Minot,North Dakota,USA,3,48.2329668,-101.2922906
Minsk,Belarus,Belarus,2,53.9006011,27.558972
Mirabel,Quebec,Canada,1,45.65189590000001,-74.09016960000001
Mission,British Columbia,Canada,1,49.1329272,-122.3261603
Mission Viejo,California,USA,1,33.5968913,-117.6581562
Mississauga,Ontario,Canada,12,43.5852972,-79.64498379999999
Mokena,Illinois,USA,1,41.5261437,-87.8892189
Monroe,Michigan,USA,1,41.9164343,-83.3977101
Monticello,Minnesota,USA,1,45.3055201,-93.7941378
Montreal,Quebec,Canada,1,45.5018869,-73.56739189999999
Montréal,Quebec,Canada,8,45.5018869,-73.56739189999999
Moorestown,New Jersey,USA,2,39.96353209999999,-74.95058019999999
Moorhead,Minnesota,USA,6,46.8737648,-96.76780389999999
Moose Jaw,Saskatchewan,Canada,1,50.3915811,-105.5348562
Mora,Sweden,Sweden,1,61.004878,14.537003
Morganville,New Jersey,USA,1,40.3828811,-74.2413102
Morris Plains,New Jersey,USA,1,40.8297312,-74.4779372
Morristown,New Jersey,USA,1,40.7922983,-74.4763123
Morton Grove,Illinois,USA,1,42.0405852,-87.78256209999999
Moscow,Russia,Russia,2,55.755826,37.6173
Moskva,Russia,Russia,1,55.755826,37.6173
Mounds View,Minnesota,USA,1,45.1049656,-93.2085582
Mount Brydges,Ontario,Canada,1,42.9096845,-81.4958601
Mount Laurel,New Jersey,USA,1,39.92415159999999,-74.94999659999999
Märsta,Sweden,Sweden,1,59.6196463,17.8555094
Nacka,Sweden,Sweden,1,59.3092328,18.2705343
Nanaimo,British Columbia,Canada,2,49.1658836,-123.9400647
Naperville,Illinois,USA,3,41.7508391,-88.1535352
Nashville,Tennessee,USA,3,36.1626638,-86.7816016
Natick,Massachusetts,USA,1,42.2775281,-71.3468091
Needham,Massachusetts,USA,3,42.2809285,-71.23775479999999
Nelson,British Columbia,Canada,1,49.4928119,-117.2948343
Nepean,Ontario,Canada,1,45.33490459999999,-75.7241006
Neshanic Station,New Jersey,USA,1,40.5083341,-74.7296815
New Canaan,Connecticut,USA,2,41.146763,-73.4948445
New Hartford,New York,USA,1,43.073403,-75.2876661
New Hope,Pennsylvania,USA,1,40.36427279999999,-74.9512785
New Lenox,Illinois,USA,1,41.5119761,-87.9656098
New Norway,Alberta,Canada,1,52.8688539,-112.9508395
New Rochelle,New York,USA,1,40.9200244,-73.78627139999999
New Westminster,British Columbia,Canada,1,49.2057179,-122.910956
New York,New York,USA,2,40.7127753,-74.0059728
Newbury,Massachusetts,USA,1,42.7649497,-70.8714528
Newbury Park,California,USA,1,34.1805403,-118.9070887
Newburyport,Massachusetts,USA,2,42.8125913,-70.87727509999999
Newmarket,Ontario,Canada,4,44.05918700000001,-79.46125599999999
Newport Beach,California,USA,3,33.6041944,-117.8738554
Newton,Massachusetts,USA,1,42.3370413,-71.20922139999999
Niagara-on-the-Lake,Ontario,Canada,1,43.2549988,-79.0772616
Nisswa,Minnesota,USA,1,46.5205224,-94.2886089
Nitra,Slovakia,Slovakia,1,48.3061414,18.076376
Nobelton,Ontario,Canada,1,43.9021887,-79.6526997
Nobleton,Ontario,Canada,1,43.9021887,-79.6526997
Nolensville,Tennessee,USA,1,35.9522852,-86.6694413
Norfolk,Massachusetts,USA,1,42.1195426,-71.3250563
Norrkoping,Sweden,Sweden,1,58.587745,16.192421
Norrtälje,Sweden,Sweden,1,59.7595841,18.7013584
North Andover,Massachusetts,USA,2,42.69870239999999,-71.1350575
North Attleborough,Massachusetts,USA,2,41.9828721,-71.3288956
North Barrington,Illinois,USA,1,42.207802,-88.1406349
North Battleford,Saskatchewan,Canada,1,52.7764752,-108.2974555
North Bay,Ontario,Canada,1,46.3091152,-79.4608204
North Branch,Minnesota,USA,1,45.5102135,-92.99310539999999
North Delta,British Columbia,Canada,1,49.171634,-122.910981
North Reading,Massachusetts,USA,4,42.5750939,-71.0786653
North Tonawanda,New York,USA,1,43.038668,-78.8642033
North Vancouver,British Columbia,Canada,14,49.3199816,-123.0724139
Northbrook,Illinois,USA,4,42.1275267,-87.82895479999999
Northfield,Illinois,USA,1,42.09975,-87.7808967
Northport,New York,USA,1,40.9009313,-73.3431727
Northville,Michigan,USA,7,42.4311464,-83.4832692
Norwalk,Connecticut,USA,1,41.1138517,-73.4076534
Norwell,Massachusetts,USA,1,42.1573988,-70.81784999999999
Notre-Dame-de-l'Île-Perrot,Quebec,Canada,1,45.377973,-73.9303913
Nottingham,New Hampshire,USA,1,43.1145285,-71.099784
Novi,Michigan,USA,1,42.48059,-83.4754913
O'Fallon,Missouri,USA,1,38.8106075,-90.69984769999999
Oak Lake,Manitoba,Canada,1,49.7661914,-100.6308589
Oak Ridge,New Jersey,USA,1,41.0463617,-74.48568519999999
Oakbank,Manitoba,Canada,1,49.9380329,-96.8424423
Oakland,Michigan,USA,1,42.7566309,-83.13726609999999
Oakville,Ontario,Canada,11,43.467517,-79.6876659
Oceanport,New Jersey,USA,1,40.3106382,-74.0230868
Oceanside,California,USA,1,33.1976677,-117.3787563
Odenton,Maryland,USA,1,39.0839981,-76.7002462
Ogre,Latvia,Latvia,1,56.8138328,24.6060417
Okemos,Michigan,USA,1,42.722084,-84.42752139999999
Okotoks,Alberta,Canada,3,50.7255163,-113.9749127
Old Brookville,New York,USA,2,40.8320441,-73.6048493
Old Greenwich,Connecticut,USA,2,41.0232624,-73.5652049
Old Tappan,New Jersey,USA,1,41.0141482,-73.98137009999999
Oldwick,New Jersey,USA,2,40.6726219,-74.7492287
Orange,California,USA,1,33.7879085,-117.855281
Orange Park,Florida,USA,2,30.1660736,-81.706484
Orangeville,Ontario,Canada,1,43.9199788,-80.0943113
Orchard Park,New York,USA,2,42.76755929999999,-78.7439189
Orleans,Ontario,Canada,1,45.4558019,-75.5047333
Orono,Minnesota,USA,3,44.97135189999999,-93.6044033
Oslo,Norway,Norway,2,59.9138688,10.7522454
Osprey,Florida,USA,1,27.1961627,-82.4903748
Ostrava,Czech Republic,Czech Republic,1,49.8209226,18.2625243
Ottawa,Ontario,Canada,10,45.4200572,-75.7003397
Ottawa Lake,Michigan,USA,1,41.7640537,-83.7492084
Oulu,Finland,Finland,2,65.0120888,25.4650773
Outremont,Quebec,Canada,1,45.5175945,-73.6109554
Owatonna,Minnesota,USA,1,44.0879297,-93.2260184
Owen Sound,Ontario,Canada,1,44.5690305,-80.9405602
Oxford,Michigan,USA,1,42.8247607,-83.2649576
Oyster Bay,New York,USA,1,40.8655816,-73.5322797
Palatine,Illinois,USA,1,42.1103041,-88.03424000000001
Palm Beach Gardens,Florida,USA,1,26.8396096,-80.1019144
Palos Heights,Illinois,USA,1,41.6680885,-87.7964416
Paoli,Pennsylvania,USA,1,40.0419021,-75.4876445
Paradise,Newfoundland and Labrador,Canada,1,47.5274603,-52.873136
Paradise Valley,Arizona,USA,1,33.5311541,-111.9426452
Parker,Colorado,USA,3,39.5186002,-104.7613633
Parkland,Florida,USA,1,26.3107774,-80.25322489999999
Pearl River,New York,USA,2,41.0589855,-74.0218063
Pendleton,New York,USA,1,43.0870018,-78.7278101
Penticton,British Columbia,Canada,1,49.4991381,-119.5937077
Peoria,Illinois,USA,1,40.6926929,-89.59277829999999
Perry Hall,Maryland,USA,1,39.4126073,-76.463574
Peterborough,Ontario,Canada,1,44.3047061,-78.3199606
Philadelphia,Pennsylvania,USA,5,39.9525839,-75.1652215
Phoenix,Arizona,USA,3,33.4482266,-112.0776781
Pickering,Ontario,Canada,1,43.83841169999999,-79.0867579
Pierrefonds,Quebec,Canada,1,45.4688309,-73.8755827
Pinckney,Michigan,USA,1,42.4567013,-83.9463358
Pittsboro,Indiana,USA,2,39.8638493,-86.4670776
Pittsburgh,Pennsylvania,USA,6,40.4386612,-79.99723519999999
Pittsford,New York,USA,3,43.0906186,-77.5149969
Plainfield,Illinois,USA,2,41.6125345,-88.2024208
Plano,Texas,USA,1,33.0216577,-96.6979973
Pleasantville,Ohio,USA,1,39.8097864,-82.5221031
Plenty,Saskatchewan,Canada,1,51.7833231,-108.6448675
Plymouth,Massachusetts,USA,3,41.9584457,-70.6672621
Plymouth,Michigan,USA,5,42.3714253,-83.4702132
Plymouth,Minnesota,USA,5,45.0105194,-93.4555093
Point Pleasant Beach,New Jersey,USA,1,40.0917532,-74.0497287
Pointe-Claire,Quebec,Canada,2,45.4719655,-73.7990191
Pomfret,Connecticut,USA,1,41.8975977,-71.9625736
Pomona,New York,USA,2,41.1912507,-74.05644989999999
Ponoka,Alberta,Canada,1,52.6759035,-113.5833723
Poprad,Slovakia,Slovakia,1,49.0511221,20.295414
Port Huron,Michigan,USA,2,42.9708634,-82.42491419999999
Port McNeill,British Columbia,Canada,1,50.590044,-127.0863356
Port Moody,British Columbia,Canada,4,49.2849107,-122.8677562
Portage,Manitoba,Canada,1,49.97311269999999,-98.2924804
Portage la Prairie,Manitoba,Canada,1,49.97311269999999,-98.2924804
Potomac,Maryland,USA,1,39.0181651,-77.2085914
Potomac Falls,Virginia,USA,1,39.03652599999999,-77.4001943
Pottstown,Pennsylvania,USA,1,40.2453741,-75.6496302
Praha,Czech Republic,Czech Republic,5,50.0755381,14.4378005
Prince Albert,Saskatchewan,Canada,1,53.2033494,-105.7530705
Prince George,British Columbia,Canada,1,53.9170641,-122.7496693
Prince Rupert,British Columbia,Canada,1,54.3150367,-130.3208187
Princeton,Massachusetts,USA,1,42.4487019,-71.877296
Princeton,New Jersey,USA,1,40.3503931,-74.6571416
Prior Lake,Minnesota,USA,2,44.7132969,-93.4227274
Purchase,New York,USA,1,41.0400135,-73.7144477
Pyhäselkä,Finland,Finland,1,62.4326336,29.9694696
Quechee,Vermont,USA,1,43.646227,-72.4186105
Quincy,Massachusetts,USA,1,42.2513961,-71.00237369999999
Québec,Quebec,Canada,5,46.8130816,-71.20745959999999
Raleigh,North Carolina,USA,3,35.7795897,-78.6381787
Raynham,Massachusetts,USA,1,41.9487077,-71.0731162
Red Bank,New Jersey,USA,2,40.3508977,-74.0702853
Red Deer,Alberta,Canada,5,52.2690328,-113.8114955
Redwood Meadows,Alberta,Canada,1,50.9876643,-114.5093159
Regina,Saskatchewan,Canada,3,50.4452112,-104.6188944
Richfield,Minnesota,USA,1,44.8832982,-93.28300209999999
Richmond,British Columbia,Canada,6,49.1665898,-123.133569
Richmond,Ontario,Canada,1,45.1943631,-75.8388276
Richmond Hill,Ontario,Canada,3,43.8828401,-79.4402808
Ridgefield,Connecticut,USA,1,41.28406349999999,-73.4975412
Ridgewood,New Jersey,USA,1,40.9786143,-74.11321149999999
Riga,Latvia,Latvia,11,56.9676941,24.1056221
Riihimäki,Finland,Finland,1,60.7407537,24.7511362
River Falls,Wisconsin,USA,1,44.8596311,-92.62549659999999
River Forest,Illinois,USA,2,41.8939617,-87.81984779999999
Riverside,Connecticut,USA,1,41.0337666,-73.5784843
Riverside,Ontario,Canada,1,42.3254,-82.94894099999999
Riverview,New Brunswick,Canada,1,46.0521302,-64.8029894
Robbinsdale,Minnesota,USA,1,45.032187,-93.3385614
Robbinsville,New Jersey,USA,1,40.2162271,-74.62011319999999
Rochester,Minnesota,USA,5,44.0193287,-92.45883270000002
Rochester,New York,USA,5,43.15657789999999,-77.6088465
Rochester Hills,Michigan,USA,1,42.65836609999999,-83.1499322
Rockford,Minnesota,USA,1,45.0872861,-93.74150929999999
Rockville Centre,New York,USA,1,40.65871380000001,-73.6412406
Rocky Point,New York,USA,1,40.9525987,-72.9253805
Rogers,Minnesota,USA,2,45.1878015,-93.5525206
Roseau,Minnesota,USA,3,48.8460926,-95.762766
Rosemount,Minnesota,USA,8,44.7394103,-93.12577230000001
Roseville,Minnesota,USA,1,45.0060767,-93.15661070000002
Royal Oak,Michigan,USA,2,42.4894801,-83.1446485
Sabile,Latvia,Latvia,1,57.0455148,22.572954
Saint Petersburg,Russia,Russia,1,59.9310584,30.3609097
Saint-Lazare,Quebec,Canada,1,45.39981299999999,-74.137765
Saline,Michigan,USA,1,42.1667072,-83.7816075
San Diego,California,USA,7,32.715738,-117.1610838
San Jose,California,USA,7,37.33874,-121.8852525
Sandy Springs,Georgia,USA,1,33.9304352,-84.3733147
Sanford,Florida,USA,1,28.8028612,-81.269453
Santa Clarita,California,USA,1,34.3916641,-118.542586
Sartell,Minnesota,USA,3,45.6216318,-94.2069365
Saskatoon,Saskatchewan,Canada,6,52.157902,-106.6701577
Saugus,Massachusetts,USA,1,42.4582875,-71.02386229999999
Sault Ste. Marie,Michigan,USA,1,46.49771150000001,-84.3475876
Sault Ste. Marie,Ontario,Canada,2,46.5136494,-84.33575259999999
Savage,Minnesota,USA,2,44.7647329,-93.3591147
Sayreville,New Jersey,USA,1,40.4648065,-74.3138334
Scarborough,Ontario,Canada,1,43.7764258,-79.2317521
Scarsdale,New York,USA,1,41.0050977,-73.7845768
Schweinfurt,Germany,Germany,1,50.0494345,10.2200758
Scituate,Massachusetts,USA,1,42.1967833,-70.7687487
Scottsdale,Arizona,USA,4,33.4948764,-111.9216734
Seaforth,Ontario,Canada,1,43.5534346,-81.3934049
Seinäjoki,Finland,Finland,2,62.787735,22.8504337
Sewell,New Jersey,USA,1,39.7662167,-75.1441926
Shakopee,Minnesota,USA,1,44.7973962,-93.5272861
Sharon,Connecticut,USA,1,41.8793754,-73.4768697
Shavertown,Pennsylvania,USA,1,41.31994830000001,-75.9380482
Shelby Township,Michigan,USA,2,42.6841189,-83.03443659999999
Shelton,Connecticut,USA,1,41.3164856,-73.0931641
Sherborn,Massachusetts,USA,1,42.23898570000001,-71.3697813
Sherbrooke,Quebec,Canada,3,45.4042669,-71.89367399999999
Sherburn,Minnesota,USA,1,43.6546148,-94.7268677
Sherwood,Oregon,USA,1,45.3569341,-122.8410659
Sherwood Park,Alberta,Canada,4,53.5412755,-113.2957634
Shoreview,Minnesota,USA,2,45.0791325,-93.14716670000001
Sigulda,Latvia,Latvia,1,57.15402899999999,24.8543364
Silver Spring,Maryland,USA,2,38.99066570000001,-77.026088
Sioux Falls,South Dakota,USA,2,43.5460223,-96.731265
Skaneateles,New York,USA,3,42.947011,-76.42910169999999
Skellefteå,Sweden,Sweden,1,64.750244,20.950917
Skokie,Illinois,USA,1,42.0324025,-87.7416246
Smithtown,New York,USA,2,40.854906,-73.1954295
Soldotna,Alaska,USA,1,60.48638289999999,-151.0571796
Sollentuna,Sweden,Sweden,1,59.4541218,17.9242952
Somersworth,New Hampshire,USA,1,43.26257409999999,-70.864769
South Bend,Indiana,USA,1,41.6763545,-86.25198979999999
South Burlington,Vermont,USA,1,44.4654257,-73.17718719999999
South Easton,Massachusetts,USA,1,42.0467781,-71.0806659
South Glastonbury,Connecticut,USA,1,41.6670603,-72.595888
South Kingstown,Rhode Island,USA,1,41.4409399,-71.5022778
South Lyon,Michigan,USA,5,42.46059,-83.6516063
South Surrey,British Columbia,Canada,3,49.0600519,-122.7992015
Southboro,Massachusetts,USA,1,42.3056501,-71.5245087
Southington,Connecticut,USA,2,41.5964869,-72.8776013
Southlake,Texas,USA,1,32.9412363,-97.1341783
Spittal an der Drau,Austria,Austria,1,46.79968,13.4928
Spokane,Washington,USA,1,47.6579711,-117.4235319
Spring City,Pennsylvania,USA,1,40.1767688,-75.5476876
Spring Lake,New Jersey,USA,1,40.1561625,-74.0271609
Springfield,Massachusetts,USA,1,42.1013104,-72.58927419999999
Springfield,Pennsylvania,USA,1,41.84924110000001,-76.7457872
Springfield,Virginia,USA,1,38.7892801,-77.18720359999999
Spruce Grove,Alberta,Canada,2,53.5412414,-113.9100733
St-Bruno-de-Montarville,Quebec,Canada,1,45.5298901,-73.3453766
St-François-de-Madawaska,New Brunswick,Canada,1,47.2479181,-68.7133532
St-Laurent,Quebec,Canada,1,45.5022961,-73.70606599999999
St-Pierre-les-Becquets,Quebec,Canada,1,46.4993973,-72.20196899999999
St. Albert,Alberta,Canada,7,53.6539037,-113.6292701
St. Catharines,Ontario,Canada,4,43.1593745,-79.2468626
St. Clair,Michigan,USA,1,42.8208653,-82.486024
St. Cloud,Minnesota,USA,5,45.5579451,-94.16324039999999
St. John's,Newfoundland and Labrador,Canada,2,47.5556097,-52.7452511
St. Louis,Missouri,USA,13,38.6270025,-90.19940419999999
St. Louis Park,Minnesota,USA,1,44.9597376,-93.3702186
St. Michael,Minnesota,USA,3,45.209964,-93.6649642
St. Paul,Minnesota,USA,4,44.9537029,-93.0899578
St. Petersburg,Russia,Russia,4,59.9310584,30.3609097
Stacy,Minnesota,USA,1,45.3980205,-92.9874404
Stamford,Connecticut,USA,2,41.0527986,-73.5394821
Staten Island,New York,USA,2,40.5795317,-74.1502007
Stavanger,Norway,Norway,1,58.9699756,5.7331073
Ste-Martine,Quebec,Canada,1,45.2532382,-73.797663
Stevens Point,Wisconsin,USA,1,44.52357920000001,-89.574563
Stevenson Ranch,California,USA,1,34.3931105,-118.5907538
Stillwater,Minnesota,USA,3,45.056004,-92.80884429999999
Stittsville,Ontario,Canada,2,45.2585131,-75.92077669999999
Stockholm,Sweden,Sweden,13,59.3327036,18.0656255
Stockhom,Sweden,Sweden,1,59.3327036,18.0656255
Stoney Creek,Ontario,Canada,1,43.2272182,-79.7195586
Stony Plain,Alberta,Canada,1,53.5291419,-114.0018178
Stoutsville,Ohio,USA,1,39.60478519999999,-82.8290631
Stratford,Ontario,Canada,1,43.3700007,-80.98222860000001
Stratham,New Hampshire,USA,1,43.0228677,-70.9163873
Strongsville,Ohio,USA,2,41.3144966,-81.83569
Stuart,Florida,USA,1,27.197548,-80.2528257
Suamico,Wisconsin,USA,1,44.6319369,-88.0392708
Sudbury,Massachusetts,USA,1,42.3834278,-71.4161725
Sudbury,Ontario,Canada,1,46.4917317,-80.99302899999999
Summerside,Prince Edward Island,Canada,1,46.39337769999999,-63.79023309999999
Sundsvall,Sweden,Sweden,2,62.390811,17.306927
Surrey,British Columbia,Canada,5,49.1913466,-122.8490125
Sussex,Wisconsin,USA,1,43.1336141,-88.2095451
Suwanee,Georgia,USA,1,34.0514898,-84.0712997
Sylvania,Ohio,USA,2,41.7189392,-83.7129935
Syosset,New York,USA,1,40.8262101,-73.502068
Syracuse,New York,USA,3,43.0494832,-76.14739770000001
Södertälje,Sweden,Sweden,1,59.197762,17.6201942
Taconite,Minnesota,USA,1,47.3127177,-93.3821497
Talsi,Latvia,Latvia,1,57.2459565,22.5853997
Tampa,Florida,USA,3,27.9516896,-82.45875269999999
Tawas City,Michigan,USA,1,44.26946119999999,-83.5146973
Tecumseh,Ontario,Canada,1,42.3117966,-82.8857592
Terrebonne,Quebec,Canada,2,45.6929818,-73.63311019999999
Tewksbury,Massachusetts,USA,1,42.6106478,-71.23422479999999
Thief River Falls,Minnesota,USA,1,48.1191353,-96.18114729999999
Thornhill,Ontario,Canada,1,43.8142552,-79.424025
Thorofare,New Jersey,USA,1,39.8422093,-75.19693459999999
Thousand Oaks,California,USA,1,34.1761133,-118.8487793
Thunder Bay,Ontario,Canada,1,48.3808951,-89.2476823
Tidaholm,Sweden,Sweden,1,58.1817692,13.9594737
Tinton Falls,New Jersey,USA,1,40.2987771,-74.0955271
Togliatti,Russia,Russia,1,53.508525,49.41821960000001
Toledo,Ohio,USA,1,41.6528052,-83.5378674
Tomakomai,Japan,Japan,1,42.63124639999999,141.6031222
Toronto,Ontario,Canada,26,43.653226,-79.3831843
Torrance,California,USA,1,33.8369217,-118.3407451
Torun,Poland,Poland,1,53.0137902,18.5984437
Trail,British Columbia,Canada,1,49.0965676,-117.7117301
Traverse City,Michigan,USA,3,44.7628849,-85.6210036
Trencin,Slovakia,Slovakia,1,48.884936,18.0335209
Trenton,Michigan,USA,2,42.1394858,-83.1782587
Trois-Rivières,Quebec,Canada,1,46.34298200000001,-72.5420716
Tsawwassen,British Columbia,Canada,1,49.018038,-123.0818253
Tukums,Latvia,Latvia,1,56.96708229999999,23.1545143
Tully,New York,USA,1,42.7981229,-76.1093695
Tustin,California,USA,1,33.7420005,-117.8236391
Twig,Minnesota,USA,1,46.8943846,-92.36463409999999
Twin Lake,Michigan,USA,1,43.36279220000001,-86.164783
Täby,Sweden,Sweden,1,59.4419,18.0703299
Umeå,Sweden,Sweden,1,63.8258471,20.2630354
Upper Saddle River,New Jersey,USA,1,41.0584387,-74.09834699999999
Urbandale,Iowa,USA,1,41.6293984,-93.76074109999999
Uusikaarlepyy,Finland,Finland,1,63.5217598,22.5303558
Uxbridge,Ontario,Canada,1,44.10940280000001,-79.12049979999999
Val-d'Or,Quebec,Canada,1,48.0987106,-77.7967676
Valencia,California,USA,1,34.419837,-118.5627013
Vallée-Jonction,Quebec,Canada,1,46.37758609999999,-70.9232928
Valrico,Florida,USA,1,27.9462615,-82.2420317
Vancouver,British Columbia,Canada,9,49.2827291,-123.1207375
Vantaa,Finland,Finland,2,60.29335239999999,25.0377686
Vasteras,Sweden,Sweden,1,59.60990049999999,16.5448091
Vaughan,Ontario,Canada,1,43.82622809999999,-79.5561668
Verona,Wisconsin,USA,2,42.990831,-89.53317729999999
Victoria,British Columbia,Canada,7,48.4284207,-123.3656444
Victoriaville,Quebec,Canada,1,46.0556724,-71.95895589999999
Vienna,Virginia,USA,1,38.9012225,-77.2652604
Virden,Manitoba,Canada,2,49.8572413,-100.92197
Virgil,Ontario,Canada,1,43.2196469,-79.1214455
Vitebsk,Belarus,Belarus,1,55.1926809,30.206359
Värmdö,Sweden,Sweden,1,59.3163663,18.4465719
Växjö,Sweden,Sweden,1,56.8790044,14.8058522
Waconia,Minnesota,USA,1,44.8504317,-93.7876429
Walden,New York,USA,1,41.5612048,-74.18848059999999
Wallace,Ontario,Canada,1,43.749514,-80.859955
Walnut Creek,California,USA,1,37.9100783,-122.0651819
Walpole,Massachusetts,USA,1,42.1470361,-71.2520606
Waltham,Massachusetts,USA,1,42.3764358,-71.23575009999999
Warman,Saskatchewan,Canada,2,52.3183662,-106.5750747
Warroad,Minnesota,USA,4,48.9052657,-95.31440409999999
Warwick,Rhode Island,USA,1,41.7001009,-71.4161671
Washington,Michigan,USA,1,42.7185255,-83.03546790000001
Wasilla,Alaska,USA,2,61.58087629999999,-149.4410597
Waterloo,Ontario,Canada,1,43.4642578,-80.5204096
Waukesha,Wisconsin,USA,1,43.0107836,-88.2291729
Wausau,Wisconsin,USA,3,44.9591352,-89.6301221
Wayland,Massachusetts,USA,1,42.3625953,-71.3614484
Wayne,New Jersey,USA,2,40.948903,-74.273578
Wayzata,Minnesota,USA,2,44.97413,-93.5066217
Welland,Ontario,Canada,3,42.9921579,-79.2482555
Wenonah,New Jersey,USA,1,39.791252,-75.14889389999999
West Bloomfield,Michigan,USA,1,42.5575353,-83.36136619999999
West Bridgewater,Massachusetts,USA,1,42.0189894,-71.00782149999999
West Chester,Pennsylvania,USA,2,39.959884,-75.6062135
West Fargo,North Dakota,USA,1,46.8769487,-96.89990569999999
West Kelowna,British Columbia,Canada,1,49.863612,-119.5644584
West Orange,New Jersey,USA,1,40.7882429,-74.2562099
West St. Paul,Manitoba,Canada,1,50.0277353,-97.10536379999999
West St. Paul,Minnesota,USA,1,44.9160768,-93.10160739999999
West Vancouver,British Columbia,Canada,4,49.3286251,-123.1601981
Westerville,Ohio,USA,1,40.1266689,-82.9318807
Weston,Massachusetts,USA,4,42.3667625,-71.3031132
Westport,Connecticut,USA,1,41.14143809999999,-73.3580987
Westwood,Massachusetts,USA,5,42.21398730000001,-71.2244987
Wexford,Pennsylvania,USA,3,40.6334426,-80.0594801
Weyburn,Saskatchewan,Canada,1,49.6632836,-103.8532906
Wheatfield,New York,USA,1,43.086889,-78.8895479
Whistler,British Columbia,Canada,1,50.11616859999999,-122.9535117
Whitby,Ontario,Canada,2,43.8997643,-78.9400809
White Lake,Michigan,USA,1,42.6561459,-83.4749162
White Rock,British Columbia,Canada,4,49.0253085,-122.802962
Whitehorse,Yukon,Canada,3,60.7197137,-135.0522761
Whitmore Lake,Michigan,USA,1,42.439479,-83.7438303
Wilcox,Saskatchewan,Canada,1,50.097934,-104.7225356
Williamsville,New York,USA,3,42.963947,-78.73780909999999
Willmar,Minnesota,USA,1,45.1223711,-95.048659
Wilmette,Illinois,USA,2,42.0722513,-87.7228384
Wilmington,Delaware,USA,1,39.744655,-75.5483909
Wilmington,Massachusetts,USA,1,42.5481714,-71.1724467
Winchester,Massachusetts,USA,1,42.452303,-71.1369959
Windermere,Florida,USA,1,28.4955593,-81.53479519999999
Windham,New Hampshire,USA,2,42.80719269999999,-71.2644119
Windsor,Ontario,Canada,3,42.3149367,-83.03636329999999
Winfield,Illinois,USA,1,41.8616956,-88.1609031
Wingham,Ontario,Canada,1,43.8879476,-81.3116601
Winkler,Manitoba,Canada,2,49.18021969999999,-97.93911729999999
Winnipeg,Manitoba,Canada,16,49.8954221,-97.1385145
Wolcott,Connecticut,USA,1,41.6023196,-72.9867718
Wood Ridge,New Jersey,USA,1,40.8498752,-74.0856929
Woodbridge,Ontario,Canada,4,43.7761753,-79.60924299999999
Woodbury,Minnesota,USA,6,44.9238552,-92.9593797
Woodcliff Lake,New Jersey,USA,1,41.02075869999999,-74.04950099999999
Woodhaven,Michigan,USA,1,42.1389839,-83.24179939999999
Worcester,Massachusetts,USA,2,42.2628113,-71.80249309999999
Yaroslavl,Russia,Russia,1,57.62607440000001,39.8844708
Yellowknife,Northwest Territories,Canada,1,62.4539717,-114.3717886
Yorba Linda,California,USA,1,33.88850350000001,-117.8132571
Yorktown Heights,New York,USA,2,41.2709274,-73.7776336
Zilina,Slovakia,Slovakia,1,49.21944980000001,18.7408001
Ängelholm,Sweden,Sweden,2,56.245748,12.863881
Örebro,Sweden,Sweden,1,59.2752626,15.2134105
