City,State_Province,Country,Player_Count,Latitude,Longitude
Abbotsford,British Columbia,Canada,4,49.0521162,-122.329479
Abington,Massachusetts,USA,1,42.1048228,-70.9453218
Airdrie,Alberta,Canada,3,51.28597,-114.01062
Albert Lea,Minnesota,USA,1,43.6480127,-93.3682656
Alexandria,Minnesota,USA,1,45.8835101,-95.3745015
Alexandria,Virginia,USA,2,38.8051095,-77.0470229
Algonquin,Illinois,USA,2,42.1655801,-88.2942493
Allendale,Michigan,USA,1,42.9903205,-85.95296849268018
Almonte,Ontario,Canada,1,45.226049,-76.1945277
Alpharetta,Georgia,USA,2,34.0709576,-84.2747329
Altoona,Wisconsin,USA,1,44.8046825,-91.4429355
Ames,Iowa,USA,1,42.0267567,-93.6170448
Amherst,Massachusetts,USA,1,42.3731948,-72.5198761
Anaheim,California,USA,1,33.8347516,-117.911732
Ancaster,Ontario,Canada,1,43.225693,-79.976692
Anchorage,Alaska,USA,10,61.2163129,-149.894852
Andover,Massachusetts,USA,3,42.65717,-71.1408776
Andover,Minnesota,USA,8,45.2332985,-93.2913405
Andover,New Hampshire,USA,1,43.4366616,-71.8197481
Anmore,British Columbia,Canada,1,49.314443,-122.856459
Apple Valley,Minnesota,USA,5,44.7319094,-93.21772
Appleton,Wisconsin,USA,1,44.2613967,-88.4069744
Arlington,Massachusetts,USA,4,42.4153739,-71.1564428
Armonk,New York,USA,2,41.1264847,-73.7139777
Arnprior,Ontario,Canada,1,45.433515,-76.3543692
Ashburn,Virginia,USA,1,39.030019100000004,-77.46964646557657
Ashburnham,Massachusetts,USA,1,42.6357648,-71.9086801
Atlanta,Georgia,USA,1,33.7489924,-84.3902644
Atlantic Highlands,New Jersey,USA,1,40.4078865,-74.034306
Atlantic Mine,Michigan,USA,1,47.0971497,-88.6276246
Auburn,New Hampshire,USA,1,43.0045289,-71.348398
Auburn,Washington,USA,1,47.3075369,-122.2301808
Aurora,Illinois,USA,1,41.7571701,-88.3147539
Aurora,Ontario,Canada,3,43.99973,-79.467545
Avon,Connecticut,USA,1,41.7804255,-72.83502114202705
Avon,New Jersey,USA,1,40.1923357,-74.0159703
Baldwin Park,California,USA,1,34.0854739,-117.9611761
Balgonie,Saskatchewan,Canada,1,50.4892758,-104.2669058
Banska Stiavnica,Slovakia,Slovakia,1,48.4580926,18.8988414
Bardejov,Slovakia,Slovakia,1,49.2926871,21.2756031
Barrhead,Alberta,Canada,1,54.1688675,-114.4747952
Barrie,Ontario,Canada,2,44.3893208,-79.6901302
Basking Ridge,New Jersey,USA,2,40.7064088,-74.5492725
Batavia,Illinois,USA,1,41.8500284,-88.3125738
Bath,Ontario,Canada,1,44.1830254,-76.7756561
Battle Creek,Michigan,USA,2,42.3192548,-85.1824269
Bayville,New York,USA,1,40.9105988,-73.5620864
Beach Park,Illinois,USA,1,42.4222435,-87.8572955
Beaconsfield,Quebec,Canada,3,45.4289766,-73.8654387
Beaumont,Alberta,Canada,2,53.3525496,-113.4151434
Bedford,New Hampshire,USA,1,42.9464737,-71.5159015
Bedford,New York,USA,1,41.2041304,-73.642509
Belleville,Illinois,USA,1,38.5135805,-89.9841627
Belleville,Ontario,Canada,2,44.1633264,-77.3852556
Bellevue,Washington,USA,1,47.6144219,-122.192337
Bellows Falls,Vermont,USA,1,43.134063,-72.444534
Belmont,Massachusetts,USA,1,42.3959296,-71.1786655
Berwyn,Pennsylvania,USA,1,40.0448306,-75.4388053
Bethesda,Maryland,USA,2,38.9846816,-77.0942447
Beverly,Massachusetts,USA,1,42.5489744,-70.8781883
Biddeford,Maine,USA,1,43.4925843,-70.4533844
Binbrook,Ontario,Canada,1,43.1208666,-79.8044114
Bismarck,North Dakota,USA,1,46.808327,-100.783739
Blackfalds,Alberta,Canada,2,52.383333,-113.8
Blackwood,New Jersey,USA,1,39.799232,-75.06416988211788
Blaine,Minnesota,USA,4,45.1607987,-93.2349489
Blauvelt,New York,USA,1,41.0634299,-73.9576378
Bloomfield,Michigan,USA,1,42.5378124,-83.2329863
Bloomfield Hills,Michigan,USA,2,42.583645,-83.2454883
Bloomington,Minnesota,USA,2,44.8322405,-93.3204872
Boca Raton,Florida,USA,2,26.3586885,-80.0830984
Boisbriand,Quebec,Canada,1,45.6130248,-73.8386113
Bonita Springs,Florida,USA,1,26.339806,-81.7786972
Bonnyville,Alberta,Canada,2,54.4316317,-110.5826304
Boston,Massachusetts,USA,4,42.3554334,-71.060511
Boulder,Colorado,USA,3,40.0149856,-105.270545
Bovey,Minnesota,USA,1,47.2953214,-93.415418
Bowie,Maryland,USA,1,38.9424464,-76.7301718
Bowling Green,Ohio,USA,2,41.3747744,-83.6513229
Braeside,Ontario,Canada,1,45.4611416,-76.4019926
Brainerd,Minnesota,USA,2,46.3580221,-94.2008288
Braintree,Massachusetts,USA,2,42.2205956,-71.0041229
Brampton,Ontario,Canada,1,43.685832,-79.7599366
Brandon,Manitoba,Canada,1,49.8511143,-99.9608924
Brantford,Ontario,Canada,1,43.1408157,-80.2631733
Brasher Falls,New York,USA,2,44.8075536,-74.773803
Bratislava,Slovakia,Slovakia,3,48.61098615,19.16064518489146
Brentwood,New Hampshire,USA,1,42.9786981,-71.0728369
Brentwood,Tennessee,USA,1,36.0325687,-86.7825235
Bridgewater,Massachusetts,USA,3,41.9903787,-70.9750426
Bridgewater,New Jersey,USA,1,40.5598127,-74.5517146
Brighton,Massachusetts,USA,1,42.3491615,-71.1533859
Brighton,Michigan,USA,1,42.5316918,-83.7846458
Brockville,Ontario,Canada,2,44.5895925,-75.6843332
Bronx,New York,USA,1,40.8466508,-73.8785937
Brooklin,Ontario,Canada,1,43.9587134,-78.9600543
Brookline,Massachusetts,USA,1,42.3329021,-71.1187421
Brooklyn,New York,USA,2,40.6526006,-73.9497211
Broomfield,Colorado,USA,1,39.9403995,-105.05208
Budapest,Hungary,Hungary,2,47.4978789,19.0402383
Buffalo,New York,USA,5,42.8867166,-78.8783922
Buffalo Grove,Illinois,USA,1,42.1544205,-87.9589621
Burlington,Massachusetts,USA,1,42.5048167,-71.1956111
Burlington,Ontario,Canada,3,43.3248924,-79.7966835
Burlington,Vermont,USA,1,44.4761601,-73.212906
Burnaby,British Columbia,Canada,4,49.2433804,-122.972545
Burnsville,Minnesota,USA,4,44.7670567,-93.2773887
Byron,Minnesota,USA,1,44.0325922,-92.6454395
Calabasas,California,USA,3,34.1446643,-118.644097
Caledonia,Ontario,Canada,2,43.0737943,-79.9519084
Calgary,Alberta,Canada,48,51.0456064,-114.057541
Calumet,Michigan,USA,1,47.246592,-88.454006
Cambridge,Ontario,Canada,2,43.3600536,-80.3123023
Campbellville,Ontario,Canada,1,43.4871704,-79.9821917
Camrose,Alberta,Canada,1,53.013131,-112.840576
Canmore,Alberta,Canada,1,51.0866897,-115.3481135
Canonsburg,Pennsylvania,USA,1,40.2588431,-80.186732
Canton,Michigan,USA,5,42.7269261,-84.6433146
Canton,New York,USA,1,44.5956163,-75.1690942
Carbondale,Colorado,USA,1,39.4005647,-107.2112407
Carmel,Indiana,USA,1,39.9784186,-86.1283681
Carp,Ontario,Canada,1,45.345148,-76.03672
Carpentersville,Illinois,USA,1,42.1211364,-88.2578582
Carver,Minnesota,USA,1,44.807118,-93.7871792
Castle Pines,Colorado,USA,1,39.471362150000004,-104.89517293539437
Centennial,Colorado,USA,1,39.579155,-104.8769227
Center Moriches,New York,USA,1,40.8002427,-72.7901318
Centerville,Massachusetts,USA,1,41.6496343,-70.3487406
Centre Hastings,Ontario,Canada,1,44.4170792,-77.44348674580543
Champlin,Minnesota,USA,1,45.1888539,-93.3974538
Chandler,Arizona,USA,1,33.3062031,-111.841185
Chanhassen,Minnesota,USA,1,44.8618403,-93.5307207
Channahon,Illinois,USA,1,41.4294753,-88.2286735
Charleston,South Carolina,USA,1,32.7884363,-79.9399309
Chaska,Minnesota,USA,10,44.7894072,-93.6021791
Chatham,Ontario,Canada,1,42.4057219,-82.1853837
Cheektowaga,New York,USA,2,42.9033917,-78.7547536
Chelmsford,Massachusetts,USA,1,42.5968617,-71.3517602
Chelsea,Quebec,Canada,1,45.5031737,-75.808023
Chesterfield,Missouri,USA,4,38.661953,-90.5643258
Cheyenne,Wyoming,USA,1,41.139981,-104.820246
Chicago,Illinois,USA,11,41.8755616,-87.6244212
Châteauguay,Quebec,Canada,1,45.3602416,-73.749364
Claremont,California,USA,1,34.0966764,-117.7197785
Clarence Center,New York,USA,3,43.0106139,-78.6375283
Clarkston,Michigan,USA,2,42.735863,-83.4188304
Clayton,New York,USA,1,44.239491,-76.085776
Cleveland,Ohio,USA,1,41.4996574,-81.6936772
Clifton,New Jersey,USA,1,40.8584328,-74.1637553
Cloverdale,British Columbia,Canada,1,49.1161848,-122.7214847
Cochrane,Alberta,Canada,4,51.1874627,-114.4710708
Cohasset,Minnesota,USA,1,47.263556,-93.620215
Cold Spring,Minnesota,USA,1,45.4557973,-94.4288849
Cole Harbour,Nova Scotia,Canada,1,44.6736008,-63.4877299
Collegeville,Pennsylvania,USA,2,40.1856597,-75.451571
Collinsville,Illinois,USA,1,38.6703267,-89.9845476
Colorado Springs,Colorado,USA,4,38.8339578,-104.825348
Colts Neck,New Jersey,USA,1,40.2876108,-74.1723652
Columbus,Ohio,USA,6,39.9622601,-83.0007065
Commerce Township,Michigan,USA,1,42.5278865,-83.4441816
Compton,California,USA,1,33.894927,-118.226624
Concord,Massachusetts,USA,1,42.4605189,-71.3488963
Concord,New Hampshire,USA,1,43.207178,-71.537476
Copiague Harbor,New York,USA,1,40.6622222,-73.3863889
Coquitlam,British Columbia,Canada,2,49.2842958,-122.793281
Cornwall,Ontario,Canada,1,45.0469989,-74.7333845
Corona,California,USA,1,33.8752945,-117.566444
Cottage Grove,Minnesota,USA,2,44.8277446,-92.9438218
Courtenay,British Columbia,Canada,1,49.6894061,-124.9954959
Courtice,Ontario,Canada,1,43.9117719,-78.7780464
Coventry,Rhode Island,USA,1,41.7000996,-71.6828444
Crystal,Minnesota,USA,1,45.031823,-93.3606072
Crystal Lake,Illinois,USA,2,42.2411344,-88.3161965
Culver,Indiana,USA,1,41.2189311,-86.4230626
Cumberland,Maine,USA,1,43.8506432,-70.4001498
Cumming,Georgia,USA,2,34.2073196,-84.1401926
Dakota Dunes,South Dakota,USA,1,42.4904114,-96.4922517
Dallas,Texas,USA,6,32.7762719,-96.7968559
Dayton,Minnesota,USA,1,45.243854,-93.5149576
Dayton,Ohio,USA,1,39.7589478,-84.1916069
DeWitt,New York,USA,1,43.0386776,-76.0729775
Dearborn,Michigan,USA,1,42.3222599,-83.1763145
Dearborn Heights,Michigan,USA,1,42.3369816,-83.2732627
Decker,Manitoba,Canada,1,50.2697786,-100.7805064
Dedham,Massachusetts,USA,2,42.2489143,-71.1755732
Deerfield,Massachusetts,USA,1,42.5442595,-72.6044771
Deloraine,Manitoba,Canada,1,49.1926295,-100.4945182
Delray Beach,Florida,USA,1,26.4614625,-80.0728201
Delta,British Columbia,Canada,1,49.0846258,-123.057938
Denver,Colorado,USA,3,39.7392364,-104.984862
Des Moines,Iowa,USA,1,41.5868654,-93.6249494
Detroit,Michigan,USA,7,42.3315509,-83.0466403
Detroit Lakes,Minnesota,USA,1,46.817181,-95.845325
Detva,Slovakia,Slovakia,1,48.5595662,19.4205586
Didsbury,Alberta,Canada,1,51.656763,-114.13756818322861
Dorchester,Massachusetts,USA,1,42.301376000000005,-71.06127441375656
Dover,Massachusetts,USA,1,42.2452466,-71.2823588
Doylestown,Pennsylvania,USA,1,40.3100446,-75.1304588
Drummondville,Quebec,Canada,1,45.8864303,-72.5018764
Dubuque,Iowa,USA,2,42.5006243,-90.6647985
Duluth,Georgia,USA,1,34.0028569,-84.1441046
Duluth,Minnesota,USA,6,46.7729322,-92.1251218
Duncan,British Columbia,Canada,3,48.7786872,-123.7080446
Dunnville,Ontario,Canada,1,42.9059168,-79.6188457
Duxbury,Massachusetts,USA,2,42.0417695,-70.672259
Eagan,Minnesota,USA,1,44.818173,-93.1659179
Eagle,Idaho,USA,1,43.6954424,-116.3540138
Eagle Lake,Ontario,Canada,1,45.1291977,-78.5096741
Eagle River,Alaska,USA,4,61.2700284,-149.3863924
East Amherst,New York,USA,2,43.0183913,-78.696697
East Aurora,New York,USA,2,42.7689141,-78.6177611
East Falmouth,Massachusetts,USA,1,41.5784425,-70.5586401
East Grand Forks,Minnesota,USA,1,47.9317013,-97.0175792
East Greenbush,New York,USA,1,42.5909135,-73.7017858
East Greenwich,Rhode Island,USA,3,41.6603788,-71.4558911
East Hanover,New Jersey,USA,1,40.8200998,-74.3648731
East Northport,New York,USA,1,40.8767648,-73.3245614
East Wenatchee,Washington,USA,1,47.4156824,-120.293126
Easthampton Township,New Jersey,USA,1,39.985274950000004,-74.7485531801684
Eau Claire,Wisconsin,USA,4,44.811349,-91.4984941
Edberg,Alberta,Canada,1,52.7858126,-112.7850016
Eden Prairie,Minnesota,USA,4,44.8546856,-93.470786
Edgewater,New Jersey,USA,1,40.8270448,-73.975694
Edina,Minnesota,USA,12,44.8897027,-93.3501222
Edmonds,Washington,USA,1,47.8105738,-122.3774952
Edmonton,Alberta,Canada,13,53.5462055,-113.491241
El Cerrito,California,USA,1,37.9154056,-122.301411
Elk River,Minnesota,USA,3,45.3038538,-93.5671825
Elkhorn,Nebraska,USA,1,41.2860699,-96.2346121
Elko,Minnesota,USA,2,44.5646862,-93.326889
Elmhurst,Illinois,USA,1,41.8994745,-87.9403418
Elmira,Ontario,Canada,1,43.5919677,-80.5121147
Elora,Ontario,Canada,1,43.681148,-80.429581
Ely,Minnesota,USA,1,47.901571,-91.8572479
Enfield,Nova Scotia,Canada,1,44.9628153,-63.5987606
Ennismore,Ontario,Canada,1,44.4099602,-78.4317746
Espoo,Finland,Finland,12,60.2047672,24.6568435
Estero,Florida,USA,1,26.4381474,-81.8067537
Estevan,Saskatchewan,Canada,1,49.1428076,-102.991075
Etobicoke,Ontario,Canada,1,43.6435559,-79.5656326
Eveleth,Minnesota,USA,1,47.462761,-92.538824
Everett,Washington,USA,1,47.9793437,-122.2127011
Evergreen,Colorado,USA,2,39.6361637,-105.32145797867402
Excelsior,Minnesota,USA,1,44.9032963,-93.5663455
Fairbanks,Alaska,USA,4,64.82897449999999,-147.66991691593407
Fairfield,Connecticut,USA,2,41.1412078,-73.2637258
Fairport,New York,USA,1,43.0993,-77.443014
Fairview,Texas,USA,1,33.1578325,-96.6318301
Fallston,Maryland,USA,1,39.53484305,-76.42210641571867
Fargo,North Dakota,USA,3,46.877229,-96.789821
Faribault,Minnesota,USA,1,43.6647961,-93.9510501
Farmington,Connecticut,USA,1,41.7198216,-72.8320435
Farmington,Michigan,USA,1,42.4644795,-83.3763219
Farmington,Minnesota,USA,3,44.6402434,-93.1435497
Farmington Hills,Michigan,USA,1,42.4853125,-83.3771553
Fenton,Michigan,USA,1,42.7978061,-83.7049498
Fenwick,Ontario,Canada,1,43.0248374,-79.3610045
Flower Mound,Texas,USA,2,33.0283854,-97.0867203
Flushing,Michigan,USA,1,43.0630834,-83.8510732
Forest Lake,Minnesota,USA,1,45.279106,-92.9851629
Fort Collins,Colorado,USA,1,40.5871782,-105.0770113
Fort Erie,Ontario,Canada,1,42.91308,-78.918611
Fort Gratiot,Michigan,USA,1,42.9954659,-82.4279135
Fort Myers,Florida,USA,1,26.640628,-81.8723084
Fort St. John,British Columbia,Canada,1,56.2524039,-120.846943
Fort Worth,Texas,USA,2,32.753177,-97.3327459
Franklin,Massachusetts,USA,1,42.5896205,-72.6110645
Franklin,Michigan,USA,1,42.5222567,-83.3060432
Fredericton,New Brunswick,Canada,1,45.963233,-66.6432356
Fresno,California,USA,1,36.7394421,-119.78483
Frisco,Texas,USA,1,33.1505998,-96.8238183
Garden Grove,California,USA,1,33.7746292,-117.9463717
Geneva,Illinois,USA,1,41.8875281,-88.3053525
Germantown,Wisconsin,USA,1,43.2286174,-88.1103691
Getzville,New York,USA,1,43.0243244,-78.7678332
Gibsonia,Pennsylvania,USA,2,40.6300671,-79.9695004
Gilbert Plains,Manitoba,Canada,1,51.160949349999996,-100.4379743105765
Gilford,New Hampshire,USA,1,43.54805,-71.407013
Gill,Massachusetts,USA,1,42.6411975,-72.4993421
Gladstone,Manitoba,Canada,1,50.2254903,-98.9510661
Glen Mills,Pennsylvania,USA,1,39.919698,-75.4904323
Glencoe,Illinois,USA,2,42.1350268,-87.7581188
Glenview,Illinois,USA,4,42.0700662,-87.8114044
Goffstown,New Hampshire,USA,1,43.0202574,-71.5999535
Golden Valley,Minnesota,USA,1,44.9861176,-93.3784618
Granby,Quebec,Canada,2,45.3990409,-72.721834
Grand Bay-Westfield,New Brunswick,Canada,1,45.340726950000004,-66.24555241086904
Grand Forks,North Dakota,USA,11,47.9252042,-97.0306741
Grand Haven,Michigan,USA,1,43.0630734,-86.2283864
Grand Rapids,Michigan,USA,4,42.9632425,-85.6678639
Grand Rapids,Minnesota,USA,5,47.237166,-93.530214
Grande Prairie,Alberta,Canada,1,55.17108,-118.7949873
Granite Springs,New York,USA,2,41.3103717,-73.757355
Grant,Minnesota,USA,1,45.9358795,-96.0272071
Great Falls,Montana,USA,1,47.5048851,-111.29189
Greely,Ontario,Canada,1,45.2626978,-75.5600281
Green Bay,Wisconsin,USA,3,44.5126379,-88.0125794
Greensburg,Pennsylvania,USA,1,40.3014581,-79.5389289
Greenwich,Connecticut,USA,7,41.0264862,-73.6284598
Grinnell,Iowa,USA,1,41.7430237,-92.7239637
Grosse Ile,Michigan,USA,2,42.1381749,-83.15412265585888
Grosse Pointe,Michigan,USA,1,42.3861485,-82.9118591
Guilford,Connecticut,USA,1,41.2757205,-72.6736148
Gyõr,Hungary,Hungary,1,48.2811302,21.375192
Halifax,Nova Scotia,Canada,3,44.648618,-63.5859487
Hallock,Minnesota,USA,2,48.7744263,-96.946447
Ham Lake,Minnesota,USA,2,45.2502429,-93.2499508
Hamburg,New York,USA,2,42.716293,-78.828717
Hamilton,Massachusetts,USA,1,42.6362052,-70.8431049
Hamilton,New Jersey,USA,1,40.2070573,-74.0812506
Hamilton,Ontario,Canada,4,43.2560802,-79.8728583
Hampstead,New Hampshire,USA,1,42.8745323,-71.1811714
Hancock,Michigan,USA,1,47.126871,-88.580956
Hanover,Massachusetts,USA,1,42.1131572,-70.8119859
Hanover,Minnesota,USA,1,45.155797,-93.6663524
Harrison Township,Michigan,USA,2,42.5886235,-82.8217131
Hartland,Wisconsin,USA,1,43.105008,-88.3420398
Hatfield,Pennsylvania,USA,1,40.2796371,-75.2995777
Hauppauge,New York,USA,3,40.8256537,-73.2026138
Heidelberg,Ontario,Canada,1,43.5205415,-80.6193536
Helsinki,Finland,Finland,3,60.1674881,24.9427473
Hermantown,Minnesota,USA,6,46.8068852,-92.2382464
Hermitage,Tennessee,USA,1,36.1961664,-86.6224959
Hermosa Beach,California,USA,1,33.8637822,-118.3992143
Heron Lake,Minnesota,USA,1,43.7949593,-95.3202763
Hicksville,New York,USA,1,40.7681926,-73.5238207
High River,Alberta,Canada,1,50.5801916,-113.8709332
Highland Park,Illinois,USA,2,42.1526964,-87.7957618
Hingham,Massachusetts,USA,5,42.2417669,-70.8897676
Hinsdale,Illinois,USA,3,41.8024604,-87.9299841
Holden,Massachusetts,USA,1,42.3560836,-71.8623548
Holland,Michigan,USA,1,42.7876022,-86.1090828
Holmdel,New Jersey,USA,1,40.3451095,-74.1840322
Hopkinton,Massachusetts,USA,1,42.2288875,-71.5196439
Hortonville,Wisconsin,USA,2,44.334705,-88.6381615
Houghton,Michigan,USA,1,46.8591287,-88.7774734
Howell,Michigan,USA,4,42.6072552,-83.9293952
Howell,New Jersey,USA,1,40.1413032,-74.2236618
Hudson,Massachusetts,USA,2,42.3913503,-71.5676895
Hudson,Wisconsin,USA,2,44.975041,-92.7568965
Hudson's Hope,British Columbia,Canada,1,56.0259608,-121.914047
Hugo,Minnesota,USA,2,45.159967,-92.9932734
Hull,Massachusetts,USA,1,42.3020436,-70.9078243
Humboldt,Saskatchewan,Canada,2,52.1974125,-105.11711870865577
Humenne,Slovakia,Slovakia,2,48.9350033,21.9020268
Huntington,New York,USA,1,40.868154,-73.425676
Huntington,Vermont,USA,1,44.3251942,-72.9868075
Huntington Beach,California,USA,2,33.6783336,-118.000016
Ilava,Slovakia,Slovakia,1,48.9985674,18.2307598
Inver Grove Heights,Minnesota,USA,1,44.8479039,-93.0428119
Irvine,California,USA,1,33.6856969,-117.825981
Irvington,New York,USA,2,41.0398662,-73.872717
Isanti,Minnesota,USA,1,45.56932235,-93.32652095523574
Itasca,Illinois,USA,1,41.9751722,-88.0067509
Jackson,Michigan,USA,1,42.2416466,-84.425589
Jacksonville,Florida,USA,1,30.3321838,-81.655651
Jamestown,North Dakota,USA,1,46.910544,-98.708436
Jenison,Michigan,USA,1,42.906688,-85.82012777570003
Jericho,New York,USA,1,40.7920441,-73.5398476
Johnstown,Pennsylvania,USA,1,40.3267407,-78.9219698
Jyväskylä,Finland,Finland,1,62.2417066,25.7495727
Kaarina,Finland,Finland,1,60.407169,22.3678223
Kalamazoo,Michigan,USA,1,42.291707,-85.5872286
Kamloops,British Columbia,Canada,4,50.6758269,-120.339415
Kanata,Ontario,Canada,1,45.3659205,-75.96546744017752
Kauniainen,Finland,Finland,1,60.2098563,24.7294936
Kelowna,British Columbia,Canada,1,49.8879177,-119.495902
Kensington,Connecticut,USA,1,41.6353769,-72.7687083
Kensington,Maryland,USA,2,39.0258405,-77.0750246
Kerrobert,Saskatchewan,Canada,1,51.9158875,-109.1365445
Kimberley,British Columbia,Canada,1,49.6850876,-115.9819477
King City,Ontario,Canada,2,43.929489,-79.5252267
Kings Park,New York,USA,1,40.88373,-73.2544898
Kingston,Ontario,Canada,2,44.230687,-76.481323
Kirkland,Quebec,Canada,3,45.4529194,-73.8647559
Kitchener,Ontario,Canada,1,43.451291,-80.4927815
Kleinburg,Ontario,Canada,2,43.844184,-79.628906
Kohler,Wisconsin,USA,1,43.7391616,-87.7817541
Kosice,Slovakia,Slovakia,1,48.7172272,21.2496774
Kuopio,Finland,Finland,1,62.8924601,27.6781839
L'Île-Bizard,Quebec,Canada,3,45.4895618,-73.872757
La Crosse,Wisconsin,USA,1,43.8122836,-91.2514355
La Grange,Illinois,USA,1,41.8054577,-87.8748644
Labrador City,Newfoundland and Labrador,Canada,1,52.9422944,-66.9177291
Lake Bluff,Illinois,USA,1,42.2789117,-87.8342362
Lake Elmo,Minnesota,USA,2,45.0021685,-92.8801862
Lake Forest,Illinois,USA,4,42.2586461,-87.8407055
Lake View,New York,USA,1,42.7111701,-78.9361468
Lakeville,Massachusetts,USA,1,41.8459353,-70.9494854
Lakeville,Minnesota,USA,6,44.650051,-93.2432791
Lakewood,Illinois,USA,1,42.22919,-88.355086
Lancaster,Massachusetts,USA,1,42.4569773,-71.6731246
Lancaster,New York,USA,1,42.9005956,-78.669997
Landmark,Manitoba,Canada,1,49.6694135,-96.8209257
Langley,British Columbia,Canada,4,49.1039289,-122.657047
Lansing,New York,USA,1,42.4840418,-76.4779117
Lattingtown,New York,USA,1,40.8953767,-73.6009595
LeRoy,Saskatchewan,Canada,1,52.0022724,-104.740329
Leamington,Ontario,Canada,2,42.0531166,-82.5996998
Lemont,Illinois,USA,1,41.6737149,-88.0016263
Lethbridge,Alberta,Canada,5,49.6945782,-112.8331033
Lexington,Massachusetts,USA,1,42.4473175,-71.2245003
Libertyville,Illinois,USA,1,42.2830786,-87.9531303
Lincolnshire,Illinois,USA,1,42.1900249,-87.9084039
Linden,Michigan,USA,1,42.8146748,-83.7821563
Littleton,Colorado,USA,2,39.613321,-105.016649
Livingston,New Jersey,USA,1,40.7959335,-74.3148713
Livonia,Michigan,USA,5,42.36837,-83.3527097
Lockport,New York,USA,2,43.1687104,-78.696567
Lomita,California,USA,1,33.8036545,-118.3195014
London,Ontario,Canada,3,42.9832406,-81.243372
Long Beach,California,USA,1,33.7690164,-118.191604
Long Grove,Illinois,USA,1,42.1783584,-87.9978518
Long Valley,New Jersey,USA,1,40.78168135,-74.75923279813415
Longlac,Ontario,Canada,1,49.7781907,-86.5393957
Longueuil,Quebec,Canada,1,45.521906,-73.4644578
Los Angeles,California,USA,4,34.0536909,-118.242766
Lunenburg,Massachusetts,USA,1,42.595089,-71.7244812
Lynn,Massachusetts,USA,1,42.466763,-70.9494939
Lynnfield,Massachusetts,USA,1,42.5389836,-71.0481084
Macomb,Michigan,USA,3,42.6741189,-82.902901
Madison,Connecticut,USA,1,41.2837211,-72.59958
Madison,New Jersey,USA,2,40.7598227,-74.417097
Madison,Wisconsin,USA,3,43.074761,-89.3837613
Madison Heights,Michigan,USA,1,42.4858692,-83.1052028
Mahopac,New York,USA,2,41.372316,-73.733465
Mahtomedi,Minnesota,USA,3,45.0696886,-92.9516037
Mahwah,New Jersey,USA,1,41.0887072,-74.1437552
Malone,New York,USA,1,44.84881,-74.295044
Malverne,New York,USA,1,40.6789916,-73.6740191
Manassas,Virginia,USA,1,38.7509488,-77.4752667
Manchester,New Hampshire,USA,1,42.9956397,-71.4547891
Manhattan,New York,USA,2,40.7896239,-73.9598939
Manhattan Beach,California,USA,6,33.8897798,-118.3935254
Mankato,Minnesota,USA,1,44.1634663,-93.9993505
Mansfield,Massachusetts,USA,2,42.0334326,-71.2189405
Maple Grove,Minnesota,USA,10,45.0984983,-93.4419222
Maplewood,Minnesota,USA,1,45.0082216,-93.0456985
Marathon,Ontario,Canada,1,48.7209349,-86.371598
Marblehead,Massachusetts,USA,1,42.500096,-70.8578253
Marcellus,New York,USA,2,42.9824729,-76.3400186
Marine City,Michigan,USA,2,42.7190045,-82.4941921
Markham,Ontario,Canada,4,43.8563707,-79.3376825
Marlton,New Jersey,USA,2,39.9005585,-74.93389105589023
Marquette,Michigan,USA,1,46.4481521,-87.6305899
Mars,Pennsylvania,USA,2,40.6958342,-80.011878
Marshfield,Massachusetts,USA,2,42.091769,-70.7055941
Martensville,Saskatchewan,Canada,1,52.2903172,-106.662554
Martin,Slovakia,Slovakia,1,49.0724921,18.929193
Marysville,Michigan,USA,3,42.9108647,-82.4861734
Maskinongé,Quebec,Canada,1,46.4884529,-73.0348785
Maynard,Massachusetts,USA,1,42.4321064,-71.4539683
McFarland,Wisconsin,USA,1,43.0123487,-89.2897646
McKees Rocks,Pennsylvania,USA,1,40.4656244,-80.0656106
Mechanicsburg,Pennsylvania,USA,1,40.2101972,-77.0047276
Medicine Hat,Alberta,Canada,3,50.04303,-110.679016
Melbourne,Florida,USA,1,28.0785034,-80.6077908
Memphis,Tennessee,USA,2,35.1460249,-90.0517638
Mendham,New Jersey,USA,1,40.7759334,-74.6007142
Mendota Heights,Minnesota,USA,5,44.8835768,-93.1382749
Menomonie,Wisconsin,USA,1,44.8765289,-91.9278716
Mesa,Arizona,USA,1,33.4151005,-111.831455
Metcalfe,Ontario,Canada,1,45.236218,-75.472641
Methuen,Massachusetts,USA,1,42.7262016,-71.1908924
Middlebury,Vermont,USA,1,44.014299,-73.167229
Middleton,Massachusetts,USA,3,42.5951005,-71.0159146
Middleton,Wisconsin,USA,1,43.0962919,-89.5119565
Middletown,New Jersey,USA,4,40.3898188,-74.1162152
Midhurst,Ontario,Canada,1,44.4475856,-79.733624
Midland,Michigan,USA,1,43.634525,-84.3840821
Midlothian,Virginia,USA,1,37.5062673,-77.649268
Milestone,Saskatchewan,Canada,1,49.9927904,-104.5142534
Mill Bay,British Columbia,Canada,2,48.651057,-123.556366
Milton,Georgia,USA,1,34.1135408,-84.2695169
Milton,Massachusetts,USA,3,42.2501425,-71.065573
Milwaukee,Wisconsin,USA,3,43.0386475,-87.9090751
Mindoro,Wisconsin,USA,1,44.0210739,-91.1018063
Minneapolis,Minnesota,USA,5,44.9772995,-93.2654692
Minnetonka,Minnesota,USA,7,44.9405086,-93.4638936
Minnetrista,Minnesota,USA,2,44.923562,-93.7186813
Minot,North Dakota,USA,3,48.23251,-101.296273
Minsk,Belarus,Belarus,2,53.9172905,27.5449401
Mirabel,Quebec,Canada,1,45.6452452,-74.0731738
Mission,British Columbia,Canada,1,49.1589351,-122.283583
Mission Viejo,California,USA,1,33.5965685,-117.659405
Mississauga,Ontario,Canada,12,43.5896231,-79.6443879
Mokena,Illinois,USA,1,41.5261437,-87.8892189
Monroe,Michigan,USA,1,41.9153358,-83.5135665
Mont-Royal,Quebec,Canada,1,45.5085881,-73.5897111
Monticello,Minnesota,USA,1,45.3053901,-93.7939996
Montreal,Quebec,Canada,3,45.5031824,-73.5698065
Montréal,Quebec,Canada,6,45.5031824,-73.5698065
Moorestown,New Jersey,USA,2,39.9670569,-74.9426677
Moorhead,Minnesota,USA,5,46.8739081,-96.7538674
Moose Jaw,Saskatchewan,Canada,1,50.401515,-105.542908
Morganville,New Jersey,USA,1,40.3764975,-74.2443117
Morris Plains,New Jersey,USA,1,40.8364845,-74.47818854051508
Morristown,New Jersey,USA,2,40.7970382,-74.4809868
Moscow,Russia,Russia,2,55.8339464,37.621803221637926
Moskva,Russia,Russia,1,55.8339464,37.621803221637926
Mounds View,Minnesota,USA,1,45.1068949,-93.2075931
Mount Brydges,Ontario,Canada,1,42.9097165,-81.4957317
Mount Laurel,New Jersey,USA,1,39.934002,-74.8909988
Nanaimo,British Columbia,Canada,2,49.163877,-123.938122
Naperville,Illinois,USA,3,41.7728699,-88.1479278
Nashua,New Hampshire,USA,1,42.7656251,-71.4677032
Nashville,Tennessee,USA,3,36.1622767,-86.7742984
Natick,Massachusetts,USA,1,42.2836393,-71.346996
Needham,Massachusetts,USA,4,42.2802645,-71.2360624
Nelson,British Columbia,Canada,1,49.494891,-117.290039
Nepean,Ontario,Canada,1,45.3446891,-75.7639408
Neshanic Station,New Jersey,USA,1,40.5081594,-74.7301613
New Canaan,Connecticut,USA,2,41.146763,-73.4948446
New Hartford,New York,USA,1,43.073653,-75.287933
New Hope,Pennsylvania,USA,1,40.3642728,-74.9512785
New Lenox,Illinois,USA,1,41.5119761,-87.9656098
New Norway,Alberta,Canada,1,52.8690148,-112.9521188
New Rochelle,New York,USA,1,40.9115386,-73.7826363
New Westminster,British Columbia,Canada,1,49.2067726,-122.9108818
New York,New York,USA,3,40.7127281,-74.0060152
Newbury,Massachusetts,USA,1,42.7664975,-70.8458022
Newbury Park,California,USA,1,34.183671,-118.91183
Newburyport,Massachusetts,USA,2,42.8132845,-70.8819188
Newmarket,Ontario,Canada,3,44.056258,-79.461708
Newport Beach,California,USA,4,33.6170092,-117.9294401
Newton,Massachusetts,USA,1,42.3370414,-71.2092214
Niagara-on-the-Lake,Ontario,Canada,1,43.2556116,-79.0723264
Nisswa,Minnesota,USA,1,46.5205224,-94.288609
Nitra,Slovakia,Slovakia,1,48.31295,18.0894593
Niwot,Colorado,USA,1,40.101675400000005,-105.15349018696142
Nobleton,Ontario,Canada,1,43.9022127,-79.652722
Nolensville,Tennessee,USA,1,35.9522852,-86.6694413
Norfolk,Massachusetts,USA,1,42.1538607,-71.1828015
North Andover,Massachusetts,USA,2,42.6839894,-71.1127065
North Attleborough,Massachusetts,USA,2,41.9841334,-71.3322798
North Barrington,Illinois,USA,1,42.207802,-88.1406349
North Battleford,Saskatchewan,Canada,1,52.776186,-108.300476
North Bay,Ontario,Canada,3,46.3092115,-79.4607617
North Branch,Minnesota,USA,1,45.5113515,-92.9802176
North Delta,British Columbia,Canada,1,49.1444272,-122.9062818
North Reading,Massachusetts,USA,4,42.5750939,-71.0786653
North Tonawanda,New York,USA,1,43.0407742,-78.8660527
North Vancouver,British Columbia,Canada,14,49.3206294,-123.0737925
Northbrook,Illinois,USA,4,42.128704,-87.8265089
Northfield,Illinois,USA,1,42.09975,-87.7808967
Northport,New York,USA,1,40.9009595,-73.343167
Northville,Michigan,USA,7,42.4310816,-83.4832339
Norwalk,Connecticut,USA,1,41.1175966,-73.4078968
Norwell,Massachusetts,USA,1,42.1617681,-70.7939307
Notre-Dame-de-l'Île-Perrot,Quebec,Canada,1,45.351663,-73.902969
Nottingham,New Hampshire,USA,1,43.115019,-71.100082
Novi,Michigan,USA,1,42.48059,-83.4754913
O'Fallon,Missouri,USA,1,38.7902503,-90.7033292
Oak Lake,Manitoba,Canada,1,49.7672093,-100.6324486
Oak Ridge,New Jersey,USA,1,41.0462085,-74.4859898
Oakbank,Manitoba,Canada,1,49.9373014,-96.8416613
Oakland,Michigan,USA,1,42.6618842,-83.3804439
Oakville,Ontario,Canada,11,43.447436,-79.666672
Oceanport,New Jersey,USA,1,40.3181663,-74.0151382
Oceanside,California,USA,1,33.1958696,-117.379483
Odenton,Maryland,USA,1,39.065778800000004,-76.6876169120418
Okemos,Michigan,USA,1,42.7221021,-84.4275259
Okotoks,Alberta,Canada,3,50.7253685,-113.975082
Old Brookville,New York,USA,2,40.8320441,-73.6048493
Old Greenwich,Connecticut,USA,2,41.022875,-73.564846
Old Hickory,Tennessee,USA,1,36.2597132,-86.6480884
Old Tappan,New Jersey,USA,1,41.0106971,-73.9911073
Old Westbury,New York,USA,1,40.7887113,-73.5995717
Oldwick,New Jersey,USA,2,40.6726014,-74.7473849
Orange,California,USA,1,33.750631,-117.8722311
Orange Park,Florida,USA,2,30.1654707,-81.7016346
Orangeville,Ontario,Canada,1,43.9193171,-80.0973754
Orchard Park,New York,USA,2,42.7670376,-78.7435517
Orleans,Ontario,Canada,1,45.40683715,-75.52745676171389
Orono,Minnesota,USA,3,44.9713519,-93.6044033
Osprey,Florida,USA,1,27.1961627,-82.4903748
Ottawa,Ontario,Canada,9,45.4208777,-75.6901106
Ottawa Lake,Michigan,USA,1,41.7641517,-83.7493869
Oulu,Finland,Finland,3,65.0118734,25.4716809
Outremont,Quebec,Canada,1,45.5186167,-73.6068856
Owatonna,Minnesota,USA,2,44.0839937,-93.2261076
Owen Sound,Ontario,Canada,1,44.5678105,-80.9430094
Oxford,Michigan,USA,1,42.8247524,-83.2646624
Oyster Bay,New York,USA,1,40.8736879,-73.5323172
Palatine,Illinois,USA,1,42.1105779,-88.0336888
Palm Beach Gardens,Florida,USA,1,26.8233946,-80.1386547
Palos Heights,Illinois,USA,1,41.6681632,-87.7962812
Paoli,Pennsylvania,USA,1,40.040739,-75.49284449481362
Paradise,Newfoundland and Labrador,Canada,1,47.5255933,-52.8724145
Paradise Valley,Arizona,USA,1,33.5428006,-111.9556001
Parker,Colorado,USA,4,39.5184514,-104.7612638
Parkland,Florida,USA,2,26.3100794,-80.23727
Pearl River,New York,USA,2,41.0586333,-74.0218967
Pendleton,New York,USA,1,43.086997,-78.727859
Penticton,British Columbia,Canada,1,49.5003268,-119.593249
Peoria,Illinois,USA,1,40.6938609,-89.5891008
Perry Hall,Maryland,USA,1,39.4073054,-76.47965518256035
Peterborough,Ontario,Canada,1,44.3048009,-78.3199496
Philadelphia,Pennsylvania,USA,5,39.9527237,-75.1635262
Phoenix,Arizona,USA,3,33.4484367,-112.074141
Pickering,Ontario,Canada,1,43.835765,-79.090576
Pierrefonds,Quebec,Canada,1,45.4955083,-73.8471749
Pinckney,Michigan,USA,1,42.4567013,-83.9463359
Pittsboro,Indiana,USA,2,39.8639329,-86.4669429
Pittsburgh,Pennsylvania,USA,7,40.4416941,-79.9900861
Pittsford,New York,USA,3,43.090959,-77.515298
Plainfield,Illinois,USA,2,41.6086711,-88.2054345
Plano,Texas,USA,1,33.0136764,-96.6925096
Pleasantville,New York,USA,1,41.1328736,-73.7926335
Pleasantville,Ohio,USA,1,39.8097864,-82.5221031
Plenty,Saskatchewan,Canada,1,51.7828888,-108.6477388
Plymouth,Massachusetts,USA,3,41.9426657,-70.7618592
Plymouth,Michigan,USA,6,42.3712,-83.4675021
Plymouth,Minnesota,USA,6,45.0065149,-93.46651
Point Pleasant Beach,New Jersey,USA,1,40.0919203,-74.0482024
Pointe-Claire,Quebec,Canada,2,45.4566767,-73.8067442
Pomona,New York,USA,2,41.189153,-74.054249
Ponoka,Alberta,Canada,1,52.6794142,-113.5871706
Poprad,Slovakia,Slovakia,1,49.0541521,20.2976401
Port Huron,Michigan,USA,2,42.9760854,-82.4333742
Port McNeill,British Columbia,Canada,1,50.5893452,-127.0839027
Port Moody,British Columbia,Canada,4,49.2821981,-122.8293554
Portage,Manitoba,Canada,1,49.972422,-98.289185
Portage la Prairie,Manitoba,Canada,1,49.972422,-98.289185
Potomac,Maryland,USA,2,39.0180508,-77.1956331355745
Potomac Falls,Virginia,USA,1,39.0501083,-77.4008201
Pottstown,Pennsylvania,USA,1,40.2452976,-75.6496424
Prince Albert,Saskatchewan,Canada,1,53.201097,-105.748901
Prince George,British Columbia,Canada,1,53.9128645,-122.7453699
Prince Rupert,British Columbia,Canada,1,54.3126572,-130.32549
Princeton,Massachusetts,USA,1,42.448411,-71.8768079
Princeton,Minnesota,USA,1,45.5698156,-93.5803054
Princeton,New Jersey,USA,1,40.3496953,-74.6597376
Prior Lake,Minnesota,USA,3,44.7133271,-93.4226873
Pt. Pleasant,New Jersey,USA,1,40.0831714,-74.0681931
Purchase,New York,USA,2,41.0409305,-73.7145746
Pyhäselkä,Finland,Finland,1,62.463114149999996,29.785211695350796
Quechee,Vermont,USA,1,43.6467056,-72.4197296
Queens,New York,USA,1,40.6515585,-73.79267536317502
Quincy,Massachusetts,USA,1,42.2509914,-71.0037374
Québec,Quebec,Canada,5,46.8137431,-71.2084061
Raleigh,North Carolina,USA,3,35.7803977,-78.6390989
Raynham,Massachusetts,USA,1,41.9487118,-71.0731008
Red Bank,New Jersey,USA,2,40.3470543,-74.0643065
Red Deer,Alberta,Canada,5,52.2690628,-113.8141464
Redwood Meadows,Alberta,Canada,1,50.9904543,-114.5043434
Regina,Saskatchewan,Canada,3,50.4479733,-104.6158764
Richfield,Minnesota,USA,1,44.8766431,-93.2877877
Richmond,British Columbia,Canada,6,49.163168,-123.137414
Richmond,Ontario,Canada,1,45.1943303,-75.8386342
Richmond Hill,Ontario,Canada,3,43.8801166,-79.4392925
Ridgefield,Connecticut,USA,1,41.267211,-73.49345520437956
Ridgewood,New Jersey,USA,1,40.9796683,-74.1194403
Riihimäki,Finland,Finland,1,60.7390089,24.7728148
River Falls,Wisconsin,USA,1,44.8596498,-92.6255048
River Forest,Illinois,USA,2,41.8978091,-87.8139483
Riverside,Connecticut,USA,1,41.0337082,-73.57818
Riverside,Ontario,Canada,1,43.8576896,-79.0605635
Riverview,New Brunswick,Canada,1,46.0612076,-64.8033246
Robbinsdale,Minnesota,USA,1,45.0313156,-93.3395843
Robbinsville,New Jersey,USA,1,40.218974,-74.6276275
Rochester,Michigan,USA,1,42.680588,-83.1338214
Rochester,Minnesota,USA,5,44.0234387,-92.4630182
Rochester,New York,USA,6,43.157285,-77.615214
Rochester Hills,Michigan,USA,1,42.6583661,-83.1499322
Rockford,Minnesota,USA,1,45.0882963,-93.7344099
Rockville Centre,New York,USA,1,40.6574186,-73.6450664
Rocky Point,New York,USA,1,40.9525987,-72.9253805
Rogers,Minnesota,USA,2,45.1888596,-93.5524563
Roseau,Minnesota,USA,3,48.7710371,-95.7697882
Rosemount,Minnesota,USA,8,44.7391873,-93.12611
Roseville,Minnesota,USA,1,45.0060767,-93.1566107
Royal Oak,Michigan,USA,2,42.4894801,-83.1446485
Saint-Lazare,Quebec,Canada,1,45.3995886,-74.1359632
Saline,Michigan,USA,1,42.1667072,-83.7816075
Salt Lake City,Utah,USA,1,40.7596198,-111.886797
San Diego,California,USA,7,32.7174202,-117.162772
San Jose,California,USA,7,37.3361663,-121.890591
Sandy Springs,Georgia,USA,1,33.9242688,-84.3785379
Sanford,Florida,USA,1,28.8117345,-81.2680223
Santa Clarita,California,USA,1,34.4127963,-118.5538088
Sartell,Minnesota,USA,3,45.6216319,-94.2069365
Saskatoon,Saskatchewan,Canada,6,52.131802,-106.660767
Saugus,Massachusetts,USA,2,42.4648183,-71.010051
Sault Ste. Marie,Michigan,USA,1,46.490586,-84.359269
Sault Ste. Marie,Ontario,Canada,2,46.52391,-84.320068
Savage,Minnesota,USA,2,44.7779041,-93.3356204
Sayreville,New Jersey,USA,1,40.4635362,-74.3618499
Scarborough,Ontario,Canada,2,43.7729744,-79.2576479
Scituate,Massachusetts,USA,1,42.1924492,-70.7261966
Scottsdale,Arizona,USA,4,33.4942189,-111.926018
Seaforth,Ontario,Canada,1,43.5534328,-81.3934183
Seinäjoki,Finland,Finland,2,62.7954104,22.8442015
Sewell,New Jersey,USA,1,39.7665029,-75.1443435
Shakopee,Minnesota,USA,1,44.7980186,-93.5268986
Sharon,Connecticut,USA,1,41.8081109,-73.13635047779584
Shavertown,Pennsylvania,USA,1,41.3198025,-75.9379761
Shelby Township,Michigan,USA,2,43.5974492,-86.33795091855055
Shelton,Connecticut,USA,1,41.32039125,-73.0836549106838
Sherborn,Massachusetts,USA,1,42.2397842,-71.3701417
Sherbrooke,Quebec,Canada,3,45.403271,-71.889038
Sherburn,Minnesota,USA,1,43.6521779,-94.7269247
Sherwood,Oregon,USA,1,45.3569315,-122.8403744
Sherwood Park,Alberta,Canada,4,53.5256963,-113.296631
Shoreview,Minnesota,USA,2,45.0722056,-93.1282878
Silver Spring,Maryland,USA,2,38.9997621,-77.02403709829767
Sioux Falls,South Dakota,USA,2,43.5476008,-96.7293629
Skaneateles,New York,USA,3,42.947011,-76.4291017
Skokie,Illinois,USA,1,42.0262972,-87.7521069
Smithtown,New York,USA,2,40.8559314,-73.2006687
Soldotna,Alaska,USA,1,60.4847228,-151.065349
Somersworth,New Hampshire,USA,1,43.2625585,-70.8645872
South Bend,Indiana,USA,2,41.6833813,-86.2500066
South Burlington,Vermont,USA,1,44.4671635,-73.1715669
South Easton,Massachusetts,USA,1,42.0473222,-71.0814358
South Glastonbury,Connecticut,USA,1,41.667893899999996,-72.60279096093032
South Kingstown,Rhode Island,USA,1,41.454944,-71.5394738
South Lyon,Michigan,USA,5,42.451377,-83.659179
South Surrey,British Columbia,Canada,2,49.0567801,-122.8166585
Southboro,Massachusetts,USA,1,42.212016,-71.60452
Southington,Connecticut,USA,2,41.61567355,-72.86112828002376
Southlake,Texas,USA,1,32.9412363,-97.1341783
Spokane,Washington,USA,1,47.6571934,-117.42351
Spring City,Pennsylvania,USA,1,40.176767,-75.5476803
Spring Lake,New Jersey,USA,1,40.1535132,-74.0293941
Springfield,Massachusetts,USA,1,42.1018764,-72.5886727
Springfield,Pennsylvania,USA,1,39.9306677,-75.3201879
Springfield,Virginia,USA,1,38.7767435,-77.1807019310668
Spruce Grove,Alberta,Canada,2,53.545204,-113.903503
St-Bruno-de-Montarville,Quebec,Canada,2,45.5256161,-73.3391798
St-François-de-Madawaska,New Brunswick,Canada,1,47.25478765,-68.71339184244988
St-Laurent,Quebec,Canada,1,46.8602081,-71.0065238
St-Pierre-les-Becquets,Quebec,Canada,1,46.502882,-72.203522
St. Albert,Alberta,Canada,7,53.633239,-113.628845
St. Catharines,Ontario,Canada,4,43.1579812,-79.2441003
St. Clair,Michigan,USA,1,42.9426715,-82.6283554
St. Cloud,Minnesota,USA,6,45.5616075,-94.1642004
St. John's,Newfoundland and Labrador,Canada,2,47.5614705,-52.7126162
St. Louis,Missouri,USA,11,38.6280278,-90.1910154
St. Louis Park,Minnesota,USA,2,44.9475726,-93.3569023
St. Michael,Minnesota,USA,3,45.210202,-93.6648083
St. Paul,Minnesota,USA,4,44.9497487,-93.0931028
Stacy,Minnesota,USA,1,45.3980205,-92.9874404
Stamford,Connecticut,USA,2,41.0534302,-73.5387341
Staten Island,New York,USA,2,40.5724274,-74.14520078126053
Ste-Martine,Quebec,Canada,1,45.246129,-73.804436
Stevens Point,Wisconsin,USA,1,44.5234467,-89.5844457
Stevenson Ranch,California,USA,1,34.3881783,-118.5853957
Stillwater,Minnesota,USA,3,45.0564041,-92.8134982
Stittsville,Ontario,Canada,2,45.2584251,-75.9206131
Stockholm,Sweden,Sweden,13,47.015679,-68.143248
Stoney Creek,Ontario,Canada,2,42.8872739,-79.9713923
Stony Plain,Alberta,Canada,1,53.5310131,-113.9998496
Stoutsville,Ohio,USA,1,39.6047852,-82.8290631
Stratford,Ontario,Canada,1,43.3700899,-80.9818016
Stratham,New Hampshire,USA,1,43.0244129,-70.9122808
Strongsville,Ohio,USA,2,41.3144733,-81.83511
Stuart,Florida,USA,1,27.197983,-80.2519175
Suamico,Wisconsin,USA,1,44.632044,-88.039342
Sudbury,Massachusetts,USA,1,42.3834278,-71.4161725
Sudbury,Ontario,Canada,1,46.49272,-80.991211
Summerside,Prince Edward Island,Canada,1,46.394259,-63.7892386
Superior,Wisconsin,USA,1,46.7207737,-92.1040796
Surrey,British Columbia,Canada,4,49.1913033,-122.849143
Sussex,Wisconsin,USA,1,43.1339001,-88.2220372
Suwanee,Georgia,USA,1,34.0514898,-84.0712997
Sylvania,Ohio,USA,2,41.7189392,-83.7129935
Syosset,New York,USA,1,40.8262101,-73.502068
Syracuse,New York,USA,3,43.0481221,-76.1474244
Taconite,Minnesota,USA,1,47.312718,-93.38215
Tampa,Florida,USA,4,27.9477595,-82.458444
Tawas City,Michigan,USA,1,44.269461,-83.514697
Tecumseh,Ontario,Canada,1,42.3117951,-82.8861974
Terrebonne,Quebec,Canada,2,45.7081005,-73.6515157
Tewksbury,Massachusetts,USA,1,42.6106479,-71.2342248
Thief River Falls,Minnesota,USA,1,48.1172301,-96.1770667
Thornhill,Ontario,Canada,1,43.80986765,-79.48342269129985
Thorofare,New Jersey,USA,1,39.8423355,-75.1962913
Thousand Oaks,California,USA,1,34.1705609,-118.8375937
Thunder Bay,Ontario,Canada,1,48.406414,-89.259796
Tinton Falls,New Jersey,USA,1,40.2890734,-74.0927967
Tipp City,Ohio,USA,1,39.961325,-84.1700609
Toledo,Ohio,USA,1,41.6529143,-83.5378173
Toronto,Ontario,Canada,27,43.6534817,-79.3839347
Torrance,California,USA,1,33.8371392,-118.3413606
Torun,Poland,Poland,1,52.5260436,17.379476315239827
Trail,British Columbia,Canada,1,49.0945296,-117.7097659
Traverse City,Michigan,USA,3,44.7606481,-85.6165976
Trencin,Slovakia,Slovakia,1,48.8922719,18.0387465
Trenton,Michigan,USA,2,42.1406552,-83.1800544
Trois-Rivières,Quebec,Canada,1,46.3432325,-72.5428485
Tsawwassen,British Columbia,Canada,1,49.016667,-123.083333
Tully,New York,USA,1,42.798123,-76.1093696
Tustin,California,USA,1,33.7458511,-117.826166
Twig,Minnesota,USA,1,46.8943846,-92.3646341
Twin Lake,Michigan,USA,1,43.36776795,-86.17718920561123
Upper Saddle River,New Jersey,USA,2,41.0585352,-74.0984769
Urbandale,Iowa,USA,1,41.6274511,-93.7380243
Uusikaarlepyy,Finland,Finland,1,63.5222473,22.5284347
Uxbridge,Ontario,Canada,1,44.1088502,-79.1226768
Val-d'Or,Quebec,Canada,1,48.1023356,-77.7875715
Valencia,California,USA,1,34.4131941,-118.559849
Vallée-Jonction,Quebec,Canada,1,46.376544,-70.924988
Valrico,Florida,USA,1,27.9484265,-82.23621545220522
Vancouver,British Columbia,Canada,10,49.2608724,-123.113952
Vantaa,Finland,Finland,2,60.2933337,25.0407809
Vaughan,Ontario,Canada,1,43.7941544,-79.5268023
Verona,Wisconsin,USA,2,42.9905492,-89.5335575
Victoria,British Columbia,Canada,7,48.4283182,-123.364953
Victoriaville,Quebec,Canada,1,46.0554948,-71.9598586
Vienna,Virginia,USA,1,38.9013729,-77.2651762
Virden,Manitoba,Canada,2,49.8485092,-100.9322654
Virgil,Ontario,Canada,1,43.2214498,-79.1229367
Waconia,Minnesota,USA,1,44.8507957,-93.7869088
Walden,New York,USA,1,41.5612048,-74.1884806
Wallace,Ontario,Canada,1,43.7494563,-80.8599607
Walnut Creek,California,USA,1,37.9020731,-122.0618702
Walpole,Massachusetts,USA,1,42.1459019,-71.2538759
Waltham,Massachusetts,USA,1,42.3756401,-71.2358004
Warman,Saskatchewan,Canada,2,52.320232,-106.575623
Warroad,Minnesota,USA,4,48.905266,-95.314404
Warwick,Rhode Island,USA,1,41.6992717,-71.4586114
Washington,Michigan,USA,1,42.290564,-85.421282
Wasilla,Alaska,USA,2,61.5824216,-149.442563
Waterloo,Ontario,Canada,1,43.4652699,-80.5222961
Waukesha,Wisconsin,USA,1,43.0622536,-88.3123889
Wausau,Wisconsin,USA,2,44.9597858,-89.6272791
Wayland,Massachusetts,USA,1,42.3632063,-71.3606721
Wayne,New Jersey,USA,2,40.9491723,-74.2376802
Wayzata,Minnesota,USA,2,44.970759,-93.511947
Welland,Ontario,Canada,3,42.9922181,-79.2484192
Wenonah,New Jersey,USA,1,39.7946263,-75.148766
West Bloomfield,Michigan,USA,1,42.567616099999995,-83.35925641168916
West Bridgewater,Massachusetts,USA,1,42.0191056,-71.0076743
West Chester,Pennsylvania,USA,2,39.9597213,-75.6059638
West Fargo,North Dakota,USA,1,46.874967,-96.900362
West Hartford,Connecticut,USA,1,41.7620447,-72.7420399
West Kelowna,British Columbia,Canada,1,49.8585784,-119.582876
West Orange,New Jersey,USA,1,40.7987113,-74.2390353
West St. Paul,Manitoba,Canada,1,49.997147,-97.077942
West St. Paul,Minnesota,USA,1,44.9101545,-93.0802073
West Vancouver,British Columbia,Canada,4,49.3311208,-123.159479
Westchester,New York,USA,1,41.1763139,-73.7907554
Westerville,Ohio,USA,1,40.126139,-82.9295287
Weston,Massachusetts,USA,4,42.3667625,-71.3031132
Westport,Connecticut,USA,1,41.1414855,-73.3578955
Westwood,Massachusetts,USA,5,42.2186913,-71.2233829
Wexford,Pennsylvania,USA,3,40.6264561,-80.055891
Weyburn,Saskatchewan,Canada,1,49.6651238,-103.854034
Wheatfield,New York,USA,1,43.0974428,-78.8831174
Whistler,British Columbia,Canada,1,50.1171903,-122.9543022
Whitby,Ontario,Canada,2,43.87982,-78.9421751
White Lake,Michigan,USA,1,42.04936395,-84.22693440737697
White Rock,British Columbia,Canada,3,49.0235357,-122.797924
Whitehorse,Yukon,Canada,3,60.721571,-135.054932
Whitmore Lake,Michigan,USA,1,42.439479,-83.7438303
Wilcox,Saskatchewan,Canada,1,50.097679,-104.7258
Williamsville,New York,USA,3,42.9637836,-78.7377258
Willmar,Minnesota,USA,1,45.1219492,-95.0435373
Wilmette,Illinois,USA,2,42.0757315,-87.7193768
Wilmington,Delaware,USA,1,39.7459468,-75.546589
Wilmington,Massachusetts,USA,1,42.5464828,-71.1736669
Wilton,Connecticut,USA,1,41.1953739,-73.4378988
Winchester,Massachusetts,USA,2,42.4523178,-71.1369982
Windermere,Florida,USA,1,28.4944695,-81.5345547
Windham,New Hampshire,USA,2,42.8006441,-71.304229
Windsor,Ontario,Canada,4,42.3167397,-83.0373389
Wingham,Ontario,Canada,1,43.886245,-81.31275
Winkler,Manitoba,Canada,2,49.187089,-97.937622
Winnipeg,Manitoba,Canada,16,49.8955367,-97.1384584
Wolcott,Connecticut,USA,1,41.6023196,-72.9867718
Wood Ridge,New Jersey,USA,1,40.8456555,-74.0879195
Woodbridge,Ontario,Canada,4,43.7848982,-79.5923855
Woodbury,Minnesota,USA,5,44.919896,-92.9339449
Woodcliff Lake,New Jersey,USA,1,41.0234304,-74.0665297
Woodhaven,Michigan,USA,1,42.1370519,-83.2451066
Worcester,Massachusetts,USA,2,42.2625621,-71.8018877
Yellowknife,Northwest Territories,Canada,1,62.4540807,-114.377385
Yorba Linda,California,USA,1,33.8901096,-117.8249705
Yorktown Heights,New York,USA,2,41.2709274,-73.7776336
Zilina,Slovakia,Slovakia,1,49.2234674,18.7393139
Örebro,Sweden,Sweden,1,59.510432,14.9577817
